Date_str,Station_id,Satellite_id,Azimuth,Elevation
20170101,nist,G31,70.38980575817908,5.152863979036791
20170101,nist,G31,-44.50919757296836,5.8217510991237065
20170101,nist,G31,-48.21695878399334,5.817123076716237
20170101,nist,G31,-48.412934530169714,5.807972511398041
20170101,nist,G31,-54.295238526141034,5.132712689056603
20170102,nist,G31,70.41857874883006,5.107572009909468
20170102,nist,G31,-44.17495703651228,5.810101167171009
20170102,nist,G31,-44.562832535756286,5.828079853936348
20170102,nist,G31,-48.271094862186494,5.819650504432982
20170102,nist,G31,-48.663126601871795,5.800074190063311
20170102,nist,G31,-49.25149289551961,5.764121213292435
20170102,nist,G31,-54.34940905527325,5.1293451456753445
20170102,nist,G31,-176.82374062139993,8.42405021143823
20170103,nist,G31,70.447350615079,5.062290853424993
20170103,nist,G31,-43.2614334753572,5.757023282750132
20170103,nist,G31,-44.61647658217264,5.834364706078703
20170103,nist,G31,-48.129280829394844,5.830797980665303
20170103,nist,G31,-48.32523560384555,5.822135011290917
20170103,nist,G31,-48.52124269263993,5.812590061772436
20170103,nist,G31,-49.305701142998274,5.765623748705988
20170103,nist,G31,-54.40357780158259,5.1259382388543315
20170103,nist,G31,-176.8445120679002,8.476409251394657
20170103,nist,G31,-177.11431524893845,9.718838230232723
20170104,nist,G31,70.34082097201258,5.1682765954458985
20170104,nist,G31,-44.670129662034405,5.840605660138352
20170104,nist,G31,-48.57540338025431,5.814834589279139
20170104,nist,G31,-54.457744725072686,5.122492000956994
20170104,nist,G31,-176.58466627792436,7.299839840828514
20170104,nist,G31,-177.0461997205555,9.355870482175648
20170105,nist,G31,70.36957221550162,5.122972127990909
20170105,nist,G31,-54.51190978582757,5.119006464451063
20170105,nist,G31,-176.7003952009084,7.759970005326094
20170105,nist,G31,-176.97704069291817,8.994119889843367
20170106,nist,G31,70.39832236356733,5.077678490280573
20170106,nist,G31,-54.56607294401447,5.115481661909506
20170107,nist,G31,-41.744171488038674,5.630020078041151
20170107,nist,G31,-177.10807228298813,9.514132227940612
20170108,nist,G31,-41.98871310838442,5.660234209902305
20170108,nist,G31,-54.67439339375965,5.108314389530536
20170108,nist,G31,-177.03913161173304,9.151921462324399
20170109,nist,G31,-48.2581268674696,5.854953000031454
20170109,nist,G31,-48.45412567289576,5.845988022439348
20170109,nist,G31,-54.72855060606616,5.104671985359858
20170110,nist,G31,-48.50828268428054,5.848369500338082
20170110,nist,G31,-54.58727087339965,5.137287569759473
20170110,nist,G31,-176.89809313133355,8.431166235550345
20170111,nist,G31,-44.075721233473736,5.840431922286327
20170111,nist,G31,-44.26946629051976,5.850765820605194
20170111,nist,G31,-44.65741732928946,5.868721153342915
20170111,nist,G31,-44.85161341013077,5.876343682531506
20170111,nist,G31,-45.82460192244738,5.900931640025422
20170111,nist,G31,-46.21464262996096,5.904470230399852
20170111,nist,G31,-48.562444195022955,5.85070810797821
20170111,nist,G31,-54.64143813335523,5.133747146863636
20170111,nist,G31,-176.87261137346178,8.277867539816265
20170111,nist,G31,-176.91894218276022,8.483493273565504
20170111,nist,G31,-176.96496695020767,8.689508202959944
20170111,nist,G31,-177.01068810090106,8.895911438291154
20170111,nist,G31,-177.05610807042862,9.102702090860728
20170111,nist,G31,-177.10122930507825,9.30987927287012
20170111,nist,G31,-177.1460542620312,9.517442097302352
20170112,nist,G31,-44.129259978276636,5.847332216745414
20170112,nist,G31,-46.26855212894653,5.9091530571010535
20170112,nist,G31,-48.81270407574806,5.842566799054728
20170112,nist,G31,-54.69560343405963,5.130167502397089
20170112,nist,G31,-176.89349938085178,8.330125929553475
20170112,nist,G31,-176.98577788140625,8.741938721223711
20170112,nist,G31,-177.12193034908844,9.362566527936464
20170113,nist,G31,-43.602307477568914,5.818971329202201
20170113,nist,G31,-43.989143464184615,5.843354632353594
20170113,nist,G31,-44.76473215018041,5.881264650231347
20170113,nist,G31,-45.73740353387122,5.908342111742241
20170113,nist,G31,-48.67078051926997,5.855256777979212
20170113,nist,G31,-49.65169552710886,5.793322781191723
20170113,nist,G31,-49.84796773025252,5.77831553537168
20170113,nist,G31,-54.74976673584922,5.126548669195835
20170113,nist,G31,-177.09758266521504,9.207923182566542
20170114,nist,G31,-43.655743170740244,5.826391036701853
20170114,nist,G31,-44.042661927568346,5.850369343379024
20170114,nist,G31,-48.724955235195154,5.857466873410798
20170114,nist,G31,-49.70593053062505,5.794553634734479
20170114,nist,G31,-54.8039279991588,5.122890680203616
20170114,nist,G31,-176.935275094175,8.434695337604682
20170115,nist,G31,-44.09619028670222,5.857340063602062
20170115,nist,G31,-45.84508547699602,5.918694479682834
20170115,nist,G31,-48.7791342553203,5.859634164725319
20170115,nist,G31,-49.76016872035141,5.795742121939245
20170115,nist,G31,-49.95645873372808,5.780345764254451
20170115,nist,G31,-54.858087184491765,5.1191935684639684
20170115,nist,G31,-176.9561629288591,8.48700632727827
20170115,nist,G31,-177.00233942137154,8.692976412053115
20170116,nist,G31,-49.02946741094686,5.850535208859099
20170116,nist,G31,-49.618132087442895,5.811609317124337
20170116,nist,G31,-54.91224425244182,5.115457367124945
20170116,nist,G31,59.563447122233185,18.69160583402806
20170116,nist,G31,61.69894817261747,15.654804120060634
20170116,nist,G31,64.80056425357765,11.572325344658424
20170116,nist,G31,65.31009401964177,10.932959842823792
20170116,nist,G31,65.8230364379694,10.297255230992272
20170116,nist,G31,68.70139816259072,6.863727032787637
20170116,nist,G31,69.63608429802605,5.792516489689889
20170117,nist,G31,-43.62278054779856,5.835646271139362
20170117,nist,G31,-44.009612554178204,5.860220342872691
20170117,nist,G31,-48.69138421622532,5.874381800790469
20170117,nist,G31,-49.6723671480341,5.8129078846981574
20170117,nist,G31,-50.06496141040073,5.782206989609001
20170117,nist,G31,-54.96639916369236,5.111682109439562
20170117,nist,G31,-176.9515342765839,8.38592776115461
20170117,nist,G31,-177.13533898018414,9.211269900459746
20170118,nist,G31,-48.745561626573604,5.876617472814799
20170118,nist,G31,-55.02055187899871,5.107867828761287
20170118,nist,G31,-177.11065267344384,9.056887764595709
20170119,nist,G31,-43.53641628266723,5.837254285624305
20170119,nist,G31,-44.892551314244756,5.910931714251537
20170119,nist,G31,-45.67071075015356,5.933161514638512
20170119,nist,G31,-45.865567699170604,5.936467531470436
20170119,nist,G31,-46.060541652095246,5.938874660455788
20170119,nist,G31,-46.25562771018254,5.940383836864595
20170119,nist,G31,-48.79974337227098,5.878810326729985
20170119,nist,G31,-50.369811506358964,5.76685955484534
20170119,nist,G31,-51.1551985907836,5.690078114674822
20170119,nist,G31,-53.31347037606729,5.408802531998179
20170119,nist,G31,-54.87931367623963,5.141126524713401
20170119,nist,G31,-176.20905594558207,5.249270829438533
20170119,nist,G31,-176.3116973003441,5.648846339772721
20170119,nist,G31,-176.36251000085414,5.849237678891307
20170119,nist,G31,-176.99338744726253,8.490500070082243
20170120,nist,G31,-45.91942102605766,5.941604313477747
20170120,nist,G31,-48.65781065666749,5.891212590212522
20170120,nist,G31,-48.853929404552716,5.880960379327361
20170120,nist,G31,-49.05009221503841,5.869829153988656
20170120,nist,G31,-49.63879878065499,5.831178842517532
20170120,nist,G31,-51.209483380325246,5.689897979738717
20170120,nist,G31,-54.93347690098837,5.137413825857392
20170120,nist,G31,-177.15228268047957,9.162009833449225
20170120,nist,G31,-177.19767549222584,9.369183247849708
20170121,nist,G31,-44.611541872157716,5.907456225388201
20170121,nist,G31,-45.97328206089341,5.946697375220916
20170121,nist,G31,-48.908119674688834,5.883067647528306
20170121,nist,G31,-50.08566209901527,5.8019844647214995
20170121,nist,G31,-54.98763799143534,5.133662049425322
20170121,nist,G31,-176.98868506986082,8.389434403067686
20170121,nist,G31,-177.17309893144588,9.21459687478484
20170122,nist,G31,-45.83220231567869,5.949044102086598
20170122,nist,G31,-46.02715075338921,5.9517467248863
20170122,nist,G31,-46.22221295304663,5.953551073446411
20170122,nist,G31,-48.766166444532665,5.895777924525112
20170122,nist,G31,-50.33626668319876,5.786121741733183
20170122,nist,G31,-51.121705650393295,5.710471843040144
20170122,nist,G31,-53.28023609607812,5.4322444688579665
20170122,nist,G31,-55.041796908273696,5.129871228725925
20170122,nist,G31,-177.00965036033028,8.441695699181695
20170123,nist,G31,-45.691187710118264,5.950850225696151
20170123,nist,G31,-45.886048589804446,5.954250795554301
20170123,nist,G31,-46.081027053250494,5.956752370789302
20170123,nist,G31,-46.276118198598,5.958355881699318
20170123,nist,G31,-48.820350912671834,5.897996335240144
20170123,nist,G31,-50.97963034495533,5.730752607119774
20170123,nist,G31,-51.17599296834829,5.710358227072816
20170123,nist,G31,-51.56868871292231,5.667004093713481
20170123,nist,G31,-53.138456864164795,5.459732671397367
20170123,nist,G31,-55.09595361226819,5.126041397165862
20170123,nist,G31,-176.98383168187556,8.288484004228009
20170124,nist,G31,-45.1610838132068,5.941214899297791
20170124,nist,G31,-45.55024056497564,5.952115338351357
20170124,nist,G31,-45.74501090430236,5.95621438628298
20170124,nist,G31,-49.07071542535663,5.889132916870417
20170124,nist,G31,-51.230281965428034,5.710202952224883
20170124,nist,G31,-53.19272301751458,5.457690119339364
20170124,nist,G31,-55.15010806428705,5.122172588263476
20170125,nist,G31,-45.40936320530609,5.95283905125547
20170125,nist,G31,-45.60404001662607,5.957637083809771
20170125,nist,G31,-49.12492216021241,5.891069219248805
20170125,nist,G31,-51.28457259556265,5.710006042082848
20170125,nist,G31,-51.87359813097728,5.64255311612185
20170125,nist,G31,-53.24698875648531,5.455607166789987
20170126,nist,G31,-45.2685579602194,5.953020994549256
20170126,nist,G31,-45.657847630970316,5.963115027052397
20170126,nist,G31,-46.047633964462285,5.969608478798109
20170126,nist,G31,-46.43787766746473,5.972508444929013
20170126,nist,G31,-49.179132889736714,5.892962823751176
20170126,nist,G31,-51.338864812745456,5.709767520358462
20170126,nist,G31,-53.30125403823554,5.4534838426798204
20170126,nist,G31,-55.258410056246326,5.114318172987663
20170126,nist,G31,-176.9998700182171,8.23980798227109
20170127,nist,G31,-45.32230793524999,5.958858240714624
20170127,nist,G31,-45.90652814973556,5.9720442721008995
20170127,nist,G31,-49.03713147469348,5.90644199364448
20170127,nist,G31,-51.00040474277953,5.7509523121186295
20170127,nist,G31,-51.196785620485535,5.730647919469186
20170127,nist,G31,-53.15945703835881,5.48090892817697
20170127,nist,G31,-177.02091269566426,8.291984434887299
20170128,nist,G31,-45.570713336143974,5.969745890018212
20170128,nist,G31,-49.09133704388413,5.9084464973729425
20170128,nist,G31,-51.25107882310032,5.730517499279097
20170128,nist,G31,-53.21372848195748,5.47889055330327
20170128,nist,G31,-55.171363682009,5.144232011809939
20170128,nist,G31,-177.227734920846,9.168636842428064
20170129,nist,G31,-45.23528436073431,5.964607232978704
20170129,nist,G31,-45.62451327507271,5.975293857045874
20170129,nist,G31,-45.819318946393075,5.979286114607664
20170129,nist,G31,-46.599701679621525,5.986268412883439
20170129,nist,G31,-49.14554668719271,5.910408271297259
20170129,nist,G31,-51.10898699030695,5.751033230988974
20170129,nist,G31,-55.22552211099007,5.140347649965198
20170129,nist,G31,-177.2942947438347,9.42836065885299
20170130,nist,G31,-45.678321410983116,5.98079801241595
20170130,nist,G31,-45.873158707715824,5.9845889207729375
20170130,nist,G31,-46.068115831974666,5.987480425989431
20170130,nist,G31,-49.0035443387539,5.923667166138905
20170130,nist,G31,-50.96688510313901,5.771033563187268
20170130,nist,G31,-53.322270158852156,5.474732572732978
20170130,nist,G31,-55.27967823203104,5.136424356648324
20170130,nist,G31,-177.26952542469854,9.273763608632006
20170130,nist,G31,66.47242253716526,9.326001160902631
20170201,nist,G31,-45.59118480959861,5.987386699861762
20170201,nist,G31,-45.78596207212652,5.991674916229631
20170201,nist,G31,-45.980861912291985,5.995063243834807
20170201,nist,G31,-49.11195707261981,5.927769895364703
20170201,nist,G31,-51.07547170374567,5.771247870740392
20170201,nist,G31,-51.86101294190025,5.684497028703338
20170201,nist,G31,-53.234732130417875,5.500100353363356
20170201,nist,G31,-55.38798339454932,5.128461110789519
20170201,nist,G31,-177.31132014124512,9.37895951628393
20170202,nist,G31,-45.64498523138345,5.992960881966172
20170202,nist,G31,-46.03472525475783,6.0002347762856605
20170202,nist,G31,-49.16616962143692,5.929757135077506
20170202,nist,G31,-51.32617305163536,5.75069438003467
20170202,nist,G31,-51.718950917434285,5.706934760994158
20170202,nist,G31,-51.91531502829336,5.6837777461593255
20170202,nist,G31,-53.485079006058264,5.468192959689353
20170202,nist,G31,-55.44213235836544,5.124421226100121
20170202,nist,G31,66.55633951338436,9.186007977243385
20170203,nist,G31,-46.08859635681871,6.005362566609031
20170203,nist,G31,-49.2203862265983,5.931701648057286
20170203,nist,G31,-49.809288842028764,5.892703101742225
20170203,nist,G31,-50.987652022331176,5.791227547028947
20170203,nist,G31,-51.18406591548948,5.771295059955674
20170203,nist,G31,-51.77325418142338,5.706364214646395
20170203,nist,G31,-53.53934747281707,5.465932500840275
20170203,nist,G31,-55.30094453075584,5.158539697030718
20170203,nist,G31,66.58431106257353,9.139367921792823
20170204,nist,G31,-46.142475168079436,6.010446622912498
20170204,nist,G31,-49.274606839464255,5.933603451864709
20170204,nist,G31,-49.470887383052165,5.921282577725743
20170204,nist,G31,-50.845528423577235,5.810646206280058
20170204,nist,G31,-51.23836575956216,5.771256042886181
20170204,nist,G31,-51.43477612608797,5.7502749848018055
20170204,nist,G31,-51.63117517820026,5.728439622898415
20170204,nist,G31,-53.397559973950784,5.493875224232997
20170204,nist,G31,-53.78961396798379,5.4325620345233885
20170204,nist,G31,-53.98555209640618,5.400668739660065
20170204,nist,G31,-55.35510461696029,5.154600848747837
20170204,nist,G31,-177.1423229413313,8.504281843096965
20170204,nist,G31,-177.32827155643108,9.329588212998093
20170204,nist,G31,-177.41948100900493,9.74456269226471
20170205,nist,G31,-45.80643568276746,6.009420529528293
20170205,nist,G31,-46.19636163813609,6.01548695343908
20170205,nist,G31,-49.132575513558585,5.947103110714123
20170205,nist,G31,-51.48908001295565,5.750002877641298
20170205,nist,G31,-53.05958331361964,5.5500883939894985
20170205,nist,G31,-53.255733966458905,5.521319518976584
20170205,nist,G31,-53.84387233783155,5.430036610615193
20170205,nist,G31,-54.039800834038154,5.397959448368213
20170205,nist,G31,-55.409262339340636,5.150623115086946
20170205,nist,G31,-177.30320156909818,9.175184953685479
20170205,nist,G31,-177.34920880918872,9.382178572305524
20170206,nist,G31,-45.665455886314184,6.010638158764848
20170206,nist,G31,-46.055203643139734,6.018100976386032
20170206,nist,G31,-49.18679096494927,5.949115810450737
20170206,nist,G31,-51.73978688269068,5.727472221839094
20170206,nist,G31,-53.31001564893192,5.519309024111703
20170206,nist,G31,-53.50610947845221,5.4895233274646165
20170206,nist,G31,-177.37014728175657,9.434786177926261
20170207,nist,G31,-45.52454621963435,6.011314363193278
20170207,nist,G31,-45.719265052192156,6.016194718947358
20170207,nist,G31,-46.30415735307353,6.025436470796987
20170207,nist,G31,-49.2410105035636,5.951085769034849
20170207,nist,G31,-50.81198406134705,5.8304141201549555
20170207,nist,G31,-51.204849236577495,5.791588634885455
20170207,nist,G31,-51.40127568918538,5.770888824845676
20170207,nist,G31,-51.79409463058654,5.726926356165091
20170207,nist,G31,-53.1681591071622,5.546399292152307
20170207,nist,G31,-53.364296949828216,5.517258099313451
20170207,nist,G31,-53.952386264943115,5.424865655188517
20170207,nist,G31,-55.5175705372864,5.142551127458503
20170207,nist,G31,-177.3451490484314,9.280246828455786
20170207,nist,G31,-177.3910870408225,9.487411014863946
20170207,nist,G31,46.63647805580965,55.32471522632341
20170207,nist,G31,46.662862974538086,50.446973028872335
20170207,nist,G31,47.46406092290878,45.050596922265534
20170207,nist,G31,48.78681255490272,40.038701385472336
20170209,nist,G31,-46.216842512588556,6.033431525584591
20170209,nist,G31,-46.41198309847557,6.035211187280197
20170209,nist,G31,-49.34946164774634,5.954897532871065
20170209,nist,G31,-49.54576831941164,5.942472456895943
20170209,nist,G31,-51.50989051168627,5.770435776112664
20170209,nist,G31,-53.276733993633904,5.542548049594705
20170209,nist,G31,-53.864943235394556,5.451525641971687
20170209,nist,G31,-55.430539411521025,5.172794265166886
20170209,nist,G31,66.49319975308431,9.173809883401034
20170210,nist,G31,-45.68592524061552,6.028325687631699
20170210,nist,G31,-49.207410719760716,5.968484297280979
20170210,nist,G31,-49.60001195901339,5.944118381600012
20170210,nist,G31,-50.3855591293095,5.884910645566897
20170210,nist,G31,-51.76062110681643,5.748019208246709
20170210,nist,G31,-53.33102098865772,5.540561696853702
20170210,nist,G31,-53.527138133795944,5.510863034732894
20170210,nist,G31,-55.48470108718071,5.1688009745521954
20170211,nist,G31,-46.324640054581415,6.043433240068107
20170211,nist,G31,-51.42207586525285,5.791281718811673
20170211,nist,G31,-53.38530762737543,5.538534894726574
20170211,nist,G31,-53.58141747948526,5.5086506801800885
20170211,nist,G31,-55.53886034322129,5.164768844879372
20170212,nist,G31,-46.37855016298609,6.048368527130528
20170212,nist,G31,-49.31585972753071,5.972432356012965
20170212,nist,G31,-49.708510194454036,5.947282501562619
20170212,nist,G31,-53.43959386676594,5.536467672050064
20170212,nist,G31,-53.83174276016821,5.475501524479742
20170213,nist,G31,-49.17380764005171,5.985798992954478
20170213,nist,G31,-49.56641084268162,5.962008945160019
20170213,nist,G31,-51.727138185899626,5.769030769776036
20170213,nist,G31,-53.297732215516916,5.56378594467793
20170213,nist,G31,-53.886012306863044,5.473023977064649
20170213,nist,G31,-54.081989658883174,5.441119352467659
20170213,nist,G31,-55.647171441467975,5.156588204810278
20170214,nist,G31,-46.2912179053498,6.0564350928558595
20170214,nist,G31,-49.22802888789588,5.987862595430849
20170214,nist,G31,-49.620657630434756,5.963680212757979
20170214,nist,G31,-50.99563613046471,5.851597526145613
20170214,nist,G31,-53.35202452214696,5.561823728832943
20170214,nist,G31,-53.5481649757691,5.532212080928931
20170214,nist,G31,-55.70132320640994,5.152439762890699
20170215,nist,G31,-45.95505560199393,6.055801190122715
20170215,nist,G31,-46.540325232740244,6.06291221247129
20170215,nist,G31,-49.28225428479977,5.989883427940229
20170215,nist,G31,-51.639328946690036,5.790308297407096
20170215,nist,G31,-53.21013265702001,5.588787792845909
20170215,nist,G31,-53.60244975967475,5.530023770713018
20170215,nist,G31,-55.75547239720822,5.148252618870069
20170216,nist,G31,-46.39903246728443,6.066401541380563
20170216,nist,G31,-49.33648378196521,5.991861507851909
20170216,nist,G31,-49.532805602064364,5.979815969074294
20170216,nist,G31,-53.460608099299186,5.557777919416785
20170216,nist,G31,-53.85280442192361,5.49698523223989
20170216,nist,G31,-54.04881553070485,5.465350939455677
20170216,nist,G31,-55.61431147855268,5.182948008549864
20170217,nist,G31,-46.25780021488182,6.069351212924209
20170217,nist,G31,-46.45295106080034,6.0713191928871675
20170217,nist,G31,-49.19442132963912,6.005161659588264
20170217,nist,G31,-49.39071733064507,5.993796852666196
20170217,nist,G31,-49.587051757640516,5.9815552047075835
20170217,nist,G31,-53.51489928369575,5.555694383524178
20170217,nist,G31,-53.90707955603247,5.494531615289985
20170217,nist,G31,-54.10308132654908,5.46271322937499
20170217,nist,G31,-55.668472200566235,5.178861527453664
20170218,nist,G31,-45.92168350960043,6.068196196683564
20170218,nist,G31,-46.11663079205348,6.071760778103071
20170218,nist,G31,-46.50687712873789,6.076193140873066
20170218,nist,G31,-49.444954882106934,5.995689480008296
20170218,nist,G31,-49.64130169085665,5.983251809487264
20170218,nist,G31,-51.60582474475807,5.811090802986218
20170218,nist,G31,-52.19515085474357,5.742691092376139
20170218,nist,G31,-53.373026252983315,5.583095119490449
20170218,nist,G31,-53.96135383996817,5.492037892294574
20170218,nist,G31,-55.72263040856917,5.174736288085727
20170219,nist,G31,-45.78067072856868,6.069366621054034
20170219,nist,G31,-49.49919638765385,5.997539407627033
20170219,nist,G31,-51.66014469981528,5.810809775210005
20170219,nist,G31,-51.856605533156966,5.788669900233973
20170219,nist,G31,-52.05304927083347,5.7656789063224885
20170219,nist,G31,-53.42732356463056,5.5811165470320105
20170219,nist,G31,-53.62348022935871,5.55140619438713
20170219,nist,G31,-55.776786063988574,5.1705723247841995
20170220,nist,G31,-44.0867894702111,5.997792861844894
20170220,nist,G31,-45.44509864031426,6.064131932195881
20170220,nist,G31,-45.63972842027155,6.069995594093974
20170220,nist,G31,-45.834489724980266,6.074957887703045
20170220,nist,G31,-46.41951341105602,6.08444471764627
20170220,nist,G31,-47.005543480540396,6.085850829688658
20170220,nist,G31,-49.749812696293844,5.98651719995228
20170220,nist,G31,-51.12501527740855,5.872352154358823
20170220,nist,G31,-51.910928008362994,5.788156580658232
20170220,nist,G31,-53.481620527434515,5.579097515018634
20170220,nist,G31,-53.87386426582063,5.5184782477124115
20170220,nist,G31,-55.830939128333085,5.166369672003459
20170221,nist,G31,-46.47343299460626,6.089388429145507
20170221,nist,G31,-49.60769106643561,6.0011112353575795
20170221,nist,G31,-51.17932996366851,5.8725628833537336
20170221,nist,G31,-51.76878905451395,5.810123007991955
20170221,nist,G31,-53.33972325765202,5.606289826039866
20170221,nist,G31,-53.53591709830225,5.577038052292709
20170221,nist,G31,-53.92814498670893,5.5160485560387436
20170221,nist,G31,-55.88508956322144,5.162128364289087
20170222,nist,G31,-46.33217468467658,6.092427318092844
20170222,nist,G31,-49.465583350307085,6.015179215558496
20170222,nist,G31,-49.66194414245586,6.002833171614755
20170222,nist,G31,-51.037146633416015,5.892022112057403
20170222,nist,G31,-53.39402618475647,5.604375868282527
20170222,nist,G31,-53.98242488192941,5.513578738293053
20170222,nist,G31,-55.743935747861045,5.197041932028059
20170223,nist,G31,-49.716200978143156,6.004512480438415
20170223,nist,G31,-50.698459091379135,5.928723708707241
20170223,nist,G31,-51.28796542521457,5.872858772138546
20170223,nist,G31,-51.68095872878877,5.831320793260228
20170223,nist,G31,-53.44832883155589,5.602421402807899
20170223,nist,G31,-53.644508892215576,5.572797950630117
20170224,nist,G31,-45.854956207317585,6.092728510827997
20170224,nist,G31,-46.83058767357162,6.104519562640172
20170224,nist,G31,-49.77046152497951,6.006149180220625
20170224,nist,G31,-50.16332095911635,5.978053117933588
20170224,nist,G31,-50.55626887247057,5.946476157730601
20170224,nist,G31,-50.75276470353078,5.929387284272572
20170224,nist,G31,-50.94926914397182,5.911434215203771
20170224,nist,G31,-51.7352845730599,5.831022893327655
20170224,nist,G31,-53.6988040294143,5.570617369931005
20170224,nist,G31,-55.852257418924395,5.1887216453334055
20170225,nist,G31,-46.493913564877516,6.107467821205638
20170225,nist,G31,-47.275621795585685,6.107125020909566
20170225,nist,G31,-49.82472573449486,6.0077432894817875
20170225,nist,G31,-50.02115292833147,5.993935934762379
20170225,nist,G31,-51.00358310207461,5.911862511099288
20170225,nist,G31,-51.2000965124684,5.892854668305241
20170225,nist,G31,-51.59311527073598,5.852262884524457
20170225,nist,G31,-51.98609425673846,5.808251307112517
20170225,nist,G31,-53.55693311132948,5.5983910635005545
20170226,nist,G31,-49.48621022476413,6.034678739094942
20170226,nist,G31,-51.057899350382755,5.912248819982666
20170226,nist,G31,-51.45093314032323,5.872989025423013
20170226,nist,G31,-51.8439406517125,5.830302401729588
20170226,nist,G31,-53.61123465805468,5.596315247354782
20170226,nist,G31,-54.003494108621254,5.5351288810212
20170226,nist,G31,-54.19953536286543,5.503298809443939
20170226,nist,G31,-55.96056865798269,5.18024665132899
20170227,nist,G31,-47.38369968262876,6.11532996707364
20170227,nist,G31,-49.73684499378789,6.024128918624926
20170227,nist,G31,-50.129713093952155,5.996605930338335
20170227,nist,G31,-50.522675724768845,5.9655995012329415
20170227,nist,G31,-51.30874021237003,5.893200264161177
20170227,nist,G31,-51.50525939854423,5.872948914239977
20170227,nist,G31,-51.701771036531596,5.851841351175807
20170227,nist,G31,-51.898270794179524,5.82987985859713
20170227,nist,G31,-53.66553575195077,5.5941990388600225
20170227,nist,G31,-55.81940781430734,5.215239076783202
20170301,nist,G31,-51.02433014674937,5.932073910547946
20170301,nist,G31,-51.41739183371853,5.893378518801583
20170301,nist,G31,-51.810433013005074,5.851253363865811
20170301,nist,G31,-52.00693505602057,5.828910299889743
20170301,nist,G31,-53.577947326446804,5.619753416590063
20170301,nist,G31,-55.92773730270931,5.206887677272805
20170301,nist,G31,-177.5766144326251,9.401075762742241
20170302,nist,G31,-49.703224227948006,6.042025191351617
20170302,nist,G31,-50.29257792977397,6.000292659007076
20170302,nist,G31,-51.07865038130685,5.932485137481876
20170302,nist,G31,-51.668248582611746,5.872578320926505
20170302,nist,G31,-52.06126908382073,5.828363333567373
20170302,nist,G31,-53.43602066557455,5.646965438080102
20170302,nist,G31,-54.024561523881374,5.556688319860401
20170302,nist,G31,-55.98189812863457,5.202653963922038
20170302,nist,G31,-177.59778882995235,9.453585258711401
20170303,nist,G31,-46.817593597663894,6.136368510321637
20170303,nist,G31,-49.757487402395235,6.043755116145918
20170303,nist,G31,-50.15038519758398,6.016414597092561
20170303,nist,G31,-53.49033398013181,5.645059170852962
20170303,nist,G31,-56.03605629116501,5.198381621013912
20170303,nist,G31,-177.618964716075,9.506111929332352
20170304,nist,G31,-46.87156590081295,6.141032393120113
20170304,nist,G31,-49.811754349008034,6.045442401970414
20170304,nist,G31,-50.99075363922134,5.951816765097122
20170304,nist,G31,-51.383842305011285,5.913686194741876
20170304,nist,G31,-52.16994070468122,5.827145151009587
20170304,nist,G31,-53.34837735871126,5.671916883440756
20170304,nist,G31,-53.74086687061945,5.6134768905528825
20170304,nist,G31,-56.09021175204432,5.194070683309542
20170305,nist,G31,-43.621881852787574,6.013767093840255
20170305,nist,G31,-49.47320959613364,6.071713017770723
20170305,nist,G31,-49.66959937768252,6.059837952287903
20170305,nist,G31,-51.438173271015515,5.913779221457739
20170305,nist,G31,-53.5989597473037,5.64112511098494
20170305,nist,G31,-55.94905839100996,5.229280986937992
20170306,nist,G31,-46.393599728194395,6.1464919688655195
20170306,nist,G31,-46.784113158625814,6.1498805841051665
20170306,nist,G31,-49.92029936441713,6.048689130404643
20170306,nist,G31,-51.09939972888492,5.952731064238676
20170306,nist,G31,-53.26071072735307,5.696618656198979
20170306,nist,G31,-53.65327211338649,5.639097375821211
20170306,nist,G31,-56.00322574690988,5.2250703732562
20170307,nist,G31,-45.86252673055847,6.140405937269814
20170307,nist,G31,-49.77812820617745,6.063391072812324
20170307,nist,G31,-51.15372624856178,5.953125205505985
20170307,nist,G31,-53.511333869051,5.666392082012824
20170307,nist,G31,-53.70758407691365,5.6370292090140905
20170307,nist,G31,-54.687969275870046,5.477833461808449
20170307,nist,G31,-56.057390460787424,5.220821108012125
20170308,nist,G31,-49.832398348825635,6.065103643085666
20170308,nist,G31,-50.42185994838877,6.022472940064264
20170308,nist,G31,-51.40461785640613,5.934071668409983
20170308,nist,G31,-51.60117747534267,5.91380755566983
20170308,nist,G31,-51.79772951153175,5.892687271978739
20170308,nist,G31,-53.56565226876599,5.664469368521263
20170308,nist,G31,-56.11155249428632,5.216533225919813
20170309,nist,G31,-46.36017091019953,6.15932860562329
20170309,nist,G31,-46.75063632986351,6.163307120538182
20170309,nist,G31,-49.88667224554644,6.066773577763275
20170309,nist,G31,-50.279642852448106,6.038833881836806
20170309,nist,G31,-51.065819194693596,5.972525553479919
20170309,nist,G31,-51.45895300909678,5.93418949524381
20170309,nist,G31,-52.04861146510623,5.870256807285319
20170309,nist,G31,-53.6199703776065,5.662506146138446
20170309,nist,G31,-53.816206623968746,5.632771696640466
20170309,nist,G31,-56.16571180912336,5.212206761788858
20170310,nist,G31,-49.940949847741635,6.068400895303799
20170310,nist,G31,-50.13743252592716,6.054671737396618
20170310,nist,G31,-51.31671914199841,5.954055862210119
20170310,nist,G31,-53.67428815227794,5.660502443608248
20170310,nist,G31,-56.02455151745867,5.247495878510115
20170310,nist,G31,-177.67369689289706,9.45969235004002
20170311,nist,G31,-46.85856383252949,6.172869848522831
20170311,nist,G31,-49.99523110683818,6.069985614285636
20170311,nist,G31,-50.19172451937369,6.056061072525182
20170311,nist,G31,-50.38824306511645,6.041265050912106
20170311,nist,G31,-50.97790410522772,5.991667718464829
20170311,nist,G31,-51.17447792670342,5.9734056315652175
20170311,nist,G31,-51.76419766194641,5.913460260406545
20170311,nist,G31,-52.15729900387844,5.869219783469838
20170311,nist,G31,-53.728605549554864,5.658458289785275
20170311,nist,G31,-56.07872278312603,5.243269685818476
20170312,nist,G31,-51.228810740127884,5.97378267041306
20170312,nist,G31,-51.42539171320423,5.954466718333625
20170312,nist,G31,-53.58665572956795,5.685835696879851
20170312,nist,G31,-54.17529325294757,5.594966087064825
20170312,nist,G31,-56.13289138971087,5.239004854227621
20170313,nist,G31,-49.90731786424931,6.086469835850051
20170313,nist,G31,-50.30031861156726,6.058712297360233
20170313,nist,G31,-50.889981721206716,6.010551361040448
20170313,nist,G31,-51.086561203371716,5.9927657963541865
20170313,nist,G31,-53.64097922102196,5.683896521474358
20170313,nist,G31,-53.83723903938206,5.654248744244445
20170313,nist,G31,-56.187057298879004,5.2347014185026115
20170314,nist,G31,-49.76513234492989,6.100886457055316
20170314,nist,G31,-50.35462061379779,6.0599742260069
20170314,nist,G31,-50.551166977418596,6.044593898440339
20170314,nist,G31,-50.94430785742194,6.011230614720921
20170314,nist,G31,-51.140893384896835,5.993251744297807
20170314,nist,G31,-51.73065699760893,5.934151739883476
20170314,nist,G31,-53.69530240358208,5.681916846334364
20170314,nist,G31,-56.24122047236267,5.230359413510269
20170315,nist,G31,-50.015883264923104,6.0897323545211695
20170315,nist,G31,-53.55332829434618,5.70908595584134
20170315,nist,G31,-53.74962523394473,5.679896700256277
20170316,nist,G31,-49.873681535289286,6.104455384879049
20170316,nist,G31,-50.46323428953126,6.062370814059803
20170316,nist,G31,-51.24956477658893,5.994097567702574
20170316,nist,G31,-51.839350895696484,5.9338445249478555
20170316,nist,G31,-53.60765740787734,5.7072113701215805
20170316,nist,G31,-53.8039476688889,5.677836112156799
20170316,nist,G31,-56.154228443023456,5.261485567417917
20170317,nist,G31,-49.927961877563106,6.1061758412781915
20170317,nist,G31,-50.32099274151434,6.07860041518256
20170317,nist,G31,-50.91070477049852,6.030711104528988
20170317,nist,G31,-53.661986281241695,5.705296236441591
20170317,nist,G31,-56.20840094703937,5.257205154983145
20170318,nist,G31,-49.98224598626394,6.107853650393651
20170318,nist,G31,-50.178758535205965,6.094306716942121
20170318,nist,G31,-50.375298242299,6.079887475277768
20170318,nist,G31,-50.57186053942344,6.064597842324985
20170318,nist,G31,-50.76844088543265,6.048439783936074
20170318,nist,G31,-50.96503476688629,6.031415314573114
20170318,nist,G31,-51.358245225309524,5.994775441916264
20170318,nist,G31,-53.51998819748569,5.732256851165973
20170318,nist,G31,-56.26257073656314,5.252886151139747
20170319,nist,G31,-50.036533812729964,6.1094888306868445
20170319,nist,G31,-50.23305734304978,6.095746402409225
20170319,nist,G31,-50.429607012843064,6.081132090051434
20170319,nist,G31,-50.6261782595245,6.065647821710561
20170319,nist,G31,-51.019367369545144,6.0320773734373425
20170319,nist,G31,-53.77064313380486,5.701344439858639
20170319,nist,G31,-56.316737773351015,5.248528590807596
20170320,nist,G31,-50.09082530831416,6.111081400739609
20170320,nist,G31,-50.287359595677096,6.097143568692333
20170320,nist,G31,-51.07370253096761,6.032697302536012
20170320,nist,G31,-51.270317134131176,6.014422062274918
20170320,nist,G31,-53.62865730738086,5.728596387683339
20170320,nist,G31,-53.82497102635569,5.69930783456592
20170320,nist,G31,-56.37090201926979,5.2441325090188
20170321,nist,G31,-50.145120424434694,6.112631379269495
20170321,nist,G31,-50.341665244701346,6.098498235071463
20170321,nist,G31,-50.538234170399384,6.083494062661911
20170321,nist,G31,-50.93142615975537,6.050880483504429
20170321,nist,G31,-51.128040203668235,6.033275123396946
20170321,nist,G31,-53.682991561952846,5.7267052904681055
20170321,nist,G31,-53.879298505427265,5.69723079653324
20170321,nist,G31,-56.22974275830454,5.279717970390626
20170322,nist,G31,-50.199419112522364,6.1141387851102875
20170322,nist,G31,-50.59255246111033,6.084611460325363
20170322,nist,G31,-50.98576001432557,6.051609644342321
20170322,nist,G31,-53.73732555826402,5.724773654346374
20170322,nist,G31,-56.28391916444727,5.27542196257539
20170323,nist,G31,-50.057182752556926,6.12925504258352
20170323,nist,G31,-50.45028653859001,6.101080145889103
20170323,nist,G31,-53.79165925287202,5.722801508013756
20170323,nist,G31,-56.33809283899334,5.271087376091767
20170324,nist,G31,-50.701198225920116,6.086719178870081
20170324,nist,G31,-53.649655431743476,5.749990749010981
20170324,nist,G31,-54.04227803067883,5.690757377434638
20170324,nist,G31,-56.392263743723,5.266714245912677
20170325,nist,G31,-50.16577601555402,6.13244798973425
20170325,nist,G31,-50.55892083840733,6.103492291651461
20170325,nist,G31,-51.14877720072458,6.0535442069578425
20170325,nist,G31,-51.345415059672895,6.035165759581722
20170325,nist,G31,-53.703995066882975,5.748123683004747
20170325,nist,G31,-56.44643184050367,5.262302607123093
20170326,nist,G31,-50.220078074759485,6.1339805719156315
20170326,nist,G31,-50.416648614675445,6.11974306282435
20170326,nist,G31,-53.561961306654,5.774958685701609
20170326,nist,G31,-53.758334469092674,5.746216058501896
20170326,nist,G31,-56.305265760742216,5.297966846995025
20170327,nist,G31,-50.07783008672982,6.149030990012711
20170327,nist,G31,-50.47096443554039,6.1210378922582676
20170327,nist,G31,-50.66756775847823,6.10573483116501
20170327,nist,G31,-51.06082397792437,6.072525525855341
20170327,nist,G31,-53.81267359489349,5.744267904156576
20170327,nist,G31,-54.98967845360324,5.553350669487064
20170327,nist,G31,-56.35944607368098,5.2936552292254975
20170328,nist,G31,-50.72189583078099,6.106792548760853
20170328,nist,G31,-53.867012400854236,5.742279248721107
20170328,nist,G31,-56.41362363788446,5.289305045536233
20170329,nist,G31,-50.776226913817105,6.10780792525458
20170329,nist,G31,-53.72499679968751,5.7695514134752095
20170329,nist,G31,-54.117652661633315,5.7101195367486
20170329,nist,G31,-54.90225899930157,5.581360253280088
20170329,nist,G31,-56.46779841515881,5.284916330955335
20170330,nist,G31,-50.240735424331845,6.153832077155856
20170330,nist,G31,-51.42052173827117,6.055926707569649
20170330,nist,G31,-53.77934160718527,5.767667795329439
20170330,nist,G31,-53.97568887989519,5.738180550165893
20170330,nist,G31,-56.521970367371914,5.280489120620599
20170331,nist,G31,-50.688260050616854,6.1257928380024085
20170331,nist,G31,-53.83368616359964,5.765743627707495
20170331,nist,G31,-56.38079748219309,5.316232149374921
20170401,nist,G31,-43.518938223951906,6.105814508948726
20170401,nist,G31,-53.88803042542377,5.763778939314467
20170401,nist,G31,-55.065127596819515,5.572271590966999
20170401,nist,G31,-56.434981706543454,5.31190490703564
20170401,nist,G31,-178.18802987638176,10.82744688013256
20170402,nist,G31,-50.2070823690523,6.172110382822478
20170402,nist,G31,-50.79692658215416,6.127915966929702
20170402,nist,G31,-51.19024620231025,6.094111212643567
20170402,nist,G31,-51.58359591417072,6.0568521123497305
20170402,nist,G31,-53.94237434922865,5.761773758962917
20170402,nist,G31,-56.489163165012876,5.307539111538124
20170403,nist,G31,-50.26139116361155,6.173693300615446
20170403,nist,G31,-50.65461840945175,6.144710356491456
20170403,nist,G31,-50.85126436047139,6.1289140160989115
20170403,nist,G31,-51.0479258111853,6.112250410298676
20170403,nist,G31,-51.244598257459785,6.094721584878094
20170403,nist,G31,-51.44127722401109,6.076329633764408
20170403,nist,G31,-53.99671789165667,5.759728115578334
20170403,nist,G31,-54.193036096994376,5.729498417773827
20170403,nist,G31,-56.54334181938098,5.303134797958993
20170404,nist,G31,-51.29895281612686,6.095289842429925
20170404,nist,G31,-54.24737145410414,5.727227069349706
20170404,nist,G31,-56.59751763157027,5.298692001497654
20170404,nist,G31,-178.2057027094405,10.777140579666831
20170405,nist,G31,-50.76328612469725,6.146968275369441
20170405,nist,G31,-50.95994870206627,6.130783186264048
20170405,nist,G31,-51.35330983080818,6.095816007031234
20170405,nist,G31,-54.49795019772522,5.693490438000236
20170405,nist,G31,-54.69413190848172,5.66124334282082
20170405,nist,G31,-56.45633795450159,5.334513829580977
20170406,nist,G31,-50.22773313617283,6.191956165036794
20170406,nist,G31,-50.6209710536288,6.1635450531137455
20170406,nist,G31,-50.81762461156135,6.1480336650789384
20170406,nist,G31,-51.21097821231211,6.114409134161807
20170406,nist,G31,-54.15974579826034,5.753348698250067
20170406,nist,G31,-55.14058554589438,5.591209065854962
20170406,nist,G31,-56.510526094892775,5.330170948025906
20170407,nist,G31,-50.28204529498645,6.193564242078193
20170407,nist,G31,-50.67530379512633,6.164762668445619
20170407,nist,G31,-51.265334236650574,6.115044374597923
20170407,nist,G31,-51.46203103850959,6.096742144906668
20170407,nist,G31,-54.214087383113245,5.751141494306339
20170407,nist,G31,-56.56471145219461,5.325789526076047
20170408,nist,G31,-50.336361098418266,6.195129703939512
20170408,nist,G31,-50.729639732966405,6.16593785460142
20170408,nist,G31,-50.92631060320509,6.15003740652264
20170408,nist,G31,-51.12299645773759,6.133269932051212
20170408,nist,G31,-51.319692793587194,6.115637483739779
20170408,nist,G31,-54.26842837089624,5.748893973664144
20170408,nist,G31,-56.61889398821429,5.321369598865348
20170409,nist,G31,-51.1773511830582,6.134014395259999
20170409,nist,G31,-51.37405383555068,6.116188483247202
20170409,nist,G31,-51.57076150147853,6.0975001747785695
20170409,nist,G31,-54.32276871870892,5.746606165937161
20170409,nist,G31,-56.6730736648815,5.316911201654586
20170410,nist,G31,-50.24838230005848,6.211811670757651
20170410,nist,G31,-50.83832100465832,6.168161019452768
20170410,nist,G31,-51.03500829831922,6.151871900752888
20170410,nist,G31,-51.23170856544019,6.134716667725145
20170410,nist,G31,-51.42841731505024,6.116697394918159
20170410,nist,G31,-54.180789706111945,5.774977222242052
20170410,nist,G31,-56.53188720961519,5.352811839567254
20170411,nist,G31,-50.49932988967535,6.19957058749771
20170411,nist,G31,-50.69598755313513,6.1848246532534885
20170411,nist,G31,-51.28606855718375,6.135376770799737
20170411,nist,G31,-51.48278318460283,6.11716424066524
20170411,nist,G31,-54.235136896510696,5.772793860881634
20170411,nist,G31,-56.58607927062788,5.348453304100311
20170412,nist,G31,-50.35701701662663,6.215035501389375
20170412,nist,G31,-51.34043111062108,6.135994725970963
20170412,nist,G31,-54.289483514645255,5.770570162776619
20170412,nist,G31,-56.64026853131358,5.3440562410169665
20170413,nist,G31,-50.41133983866872,6.216583489698208
20170413,nist,G31,-50.80466988139049,6.187182649358648
20170413,nist,G31,-51.00136567941932,6.171178051554194
20170413,nist,G31,-51.198075945608714,6.154306666943068
20170413,nist,G31,-51.39479617813557,6.136570554841392
20170413,nist,G31,-51.59152190424733,6.117971822646021
20170413,nist,G31,-54.34382951752899,5.768306157482169
20170413,nist,G31,-56.69445495351027,5.339620685512725
20170414,nist,G31,-50.46566623820864,6.218088885152182
20170414,nist,G31,-50.859015764058256,6.18829802978594
20170414,nist,G31,-51.05571978313574,6.172099086682399
20170414,nist,G31,-51.44916371213118,6.137104279131483
20170414,nist,G31,-54.398174862248695,5.766001874665118
20170414,nist,G31,-56.74863849915539,5.335146672894915
20170415,nist,G31,-50.51999616659223,6.219551706804313
20170415,nist,G31,-50.913364728094685,6.189371025314421
20170415,nist,G31,-51.110076746224316,6.172977835150886
20170415,nist,G31,-51.306801221825786,6.155718773184757
20170415,nist,G31,-51.50353366512241,6.1375959207100435
20170415,nist,G31,-54.45251950596902,5.763657344093787
20170415,nist,G31,-56.60744527952496,5.371126131190746
20170416,nist,G31,-50.574329575198895,6.220971973814098
20170416,nist,G31,-50.771012896532724,6.2061215400923375
20170416,nist,G31,-54.506863405914444,5.761272595659177
20170416,nist,G31,-56.66164126569776,5.366751927074407
20170417,nist,G31,-50.62866641538332,6.22234970545571
20170417,nist,G31,-51.022071707487555,6.191389942997455
20170417,nist,G31,-51.415536861343675,6.156962221486394
20170417,nist,G31,-51.612280638194015,6.138453043741465
20170417,nist,G31,-54.36488854694118,5.790015427971387
20170417,nist,G31,-56.71583443430356,5.362339208139376
20170418,nist,G31,-50.68300663862864,6.223684921161336
20170418,nist,G31,-51.07642962658502,6.192335906118887
20170418,nist,G31,-51.46990844818972,6.15752075285846
20170418,nist,G31,-51.666657563456816,6.13881856951992
20170418,nist,G31,-54.419239571129054,5.787734922186937
20170418,nist,G31,-54.81179600566919,5.72420791696463
20170418,nist,G31,-56.77002474716417,5.3578880096276595
20170418,nist,G31,69.04822152434141,5.2616207935957995
20170419,nist,G31,-50.540660831752824,6.239542520914161
20170419,nist,G31,-50.934061581052035,6.209542662211824
20170419,nist,G31,-51.524282482956146,6.158037184719459
20170419,nist,G31,-54.47358991893589,5.785414148455048
20170419,nist,G31,-54.86612760970838,5.721518890959796
20170419,nist,G31,-56.824212166231455,5.353398366901653
20170420,nist,G31,-50.59499775152506,6.240987858413744
20170420,nist,G31,-51.38190277457583,6.176738011973542
20170420,nist,G31,-51.57865891810626,6.15851153899268
20170420,nist,G31,-54.527939547516986,5.783053136601253
20170420,nist,G31,-56.683012196266084,5.389456656196501
20170421,nist,G31,-51.436275888024426,6.177363482879335
20170421,nist,G31,-51.633037706166256,6.158943837715295
20170421,nist,G31,-54.58228841411459,5.78065191657894
20170421,nist,G31,-56.73721211214552,5.385066768671141
20170422,nist,G31,-50.70368192760506,6.243750899716614
20170422,nist,G31,-51.09713783132551,6.212582358768736
20170422,nist,G31,-51.29388971113123,6.195696937660743
20170422,nist,G31,-54.24391083448833,5.83991855998938
20170422,nist,G31,-55.61730477529107,5.6095963040742935
20170422,nist,G31,-56.79140919313824,5.380638379120461
20170423,nist,G31,-50.75802908673222,6.245068642358364
20170423,nist,G31,-50.95475680360844,6.229723948899536
20170423,nist,G31,-51.7418021513255,6.15968235730928
20170423,nist,G31,-54.29827483954721,5.837806694831575
20170423,nist,G31,-54.494658566009925,5.807180220628886
20170423,nist,G31,-56.845603401124116,5.3761715228524585
20170424,nist,G31,-50.41897514912037,6.274811164132663
20170424,nist,G31,-52.976679682926886,6.0280285210564735
20170424,nist,G31,-54.35263834691099,5.835654432803638
20170424,nist,G31,-54.5490139230433,5.804842940113114
20170424,nist,G31,-56.70438132789789,5.412170427523461
20170425,nist,G31,-50.4733082261341,6.2764344865645
20170425,nist,G31,-54.407001313364304,5.833461803294165
20170425,nist,G31,-56.75858799195053,5.407803366245314
20170426,nist,G31,-47.58305058631495,6.385150100796317
20170426,nist,G31,-50.33096297081384,6.291330924512801
20170426,nist,G31,-52.69203985243112,6.074377688678037
20170426,nist,G31,-53.08547263824407,6.026224376722288
20170426,nist,G31,-54.06847833368753,5.891111208752301
20170426,nist,G31,-54.26494769189943,5.861584259175859
20170426,nist,G31,-54.461363695827956,5.83122883582665
20170426,nist,G31,-56.81279184201742,5.4033977804948945
20170427,nist,G31,-46.85490215611785,6.385193406072908
20170427,nist,G31,-50.38529191737979,6.2930647120811996
20170427,nist,G31,-52.54969001616129,6.096787644975735
20170427,nist,G31,-52.94316764263965,6.049949867625549
20170427,nist,G31,-54.12285490364437,5.889209019837033
20170427,nist,G31,-56.866992839872296,5.398953705527705
20170427,nist,G31,63.560071425105335,11.926454543789713
20170428,nist,G31,-50.636329272599454,6.281048694017023
20170428,nist,G31,-50.83306046410945,6.266469568012682
20170428,nist,G31,-51.22658428403261,6.234703063013484
20170428,nist,G31,-51.62015979360523,6.199472347837603
20170428,nist,G31,-54.37368643781949,5.857367755012814
20170428,nist,G31,-54.76642754923947,5.795091833923618
20170428,nist,G31,-56.92119094740547,5.394471176717549
20170429,nist,G31,-51.084179981412746,6.252083449171981
20170429,nist,G31,-51.28095852747662,6.23557192087939
20170429,nist,G31,-52.65849236524787,6.095874722855651
20170429,nist,G31,-54.82077879209223,5.792553712207129
20170429,nist,G31,-56.77996207862556,5.430549000012475
20170430,nist,G31,-46.62617797122756,6.3944611578805155
20170430,nist,G31,-47.01677878768817,6.400877978881857
20170430,nist,G31,-49.368717919704274,6.3642010811705045
20170430,nist,G31,-56.83417269871672,5.426166212894301
20170501,nist,G31,-50.602645181468134,6.299573129700895
20170501,nist,G31,-50.996142368054926,6.270115470589672
20170501,nist,G31,-51.192921667068845,6.254082524217182
20170501,nist,G31,-51.58651898880475,6.219418477269322
20170501,nist,G31,-51.78332802235408,6.200791553595293
20170501,nist,G31,-51.98013802772611,6.181304227623698
20170501,nist,G31,-54.7331653436657,5.8194599695595794
20170501,nist,G31,-56.888380487439605,5.421744914070069
20170502,nist,G31,-47.124735869813136,6.411115105799398
20170502,nist,G31,-47.51591494895508,6.413133033437759
20170502,nist,G31,-47.71166224176576,6.412797152106184
20170502,nist,G31,-50.46027257667988,6.314710162458684
20170502,nist,G31,-52.23134613592883,6.160929884816244
20170502,nist,G31,-52.82170541291846,6.094194077909198
20170502,nist,G31,-53.01845404074178,6.070248913067106
20170502,nist,G31,-54.59115739203116,5.848450332341186
20170502,nist,G31,-56.94258540659574,5.417285138852757
20170503,nist,G31,-50.51461247969883,6.316383679073978
20170503,nist,G31,-54.841880413670886,5.814471102551634
20170503,nist,G31,-55.2343999175297,5.748712090041985
20170503,nist,G31,-56.80133437710199,5.4533036691004915
20170504,nist,G31,-47.624017050542435,6.422391062300094
20170504,nist,G31,-50.56895611194701,6.3180145255792395
20170504,nist,G31,-54.89623658047614,5.811916507017709
20170504,nist,G31,-55.28873502179754,5.745790939062436
20170504,nist,G31,-56.85555176817181,5.44894367544985
20170505,nist,G31,-47.67807887969524,6.426954495453153
20170505,nist,G31,-50.62330342446871,6.319602720690598
20170505,nist,G31,-53.18167439827676,6.067626434866611
20170505,nist,G31,-53.37839116930781,6.042268122150419
20170505,nist,G31,-54.55785395197734,5.872534037855072
20170505,nist,G31,-56.909766348760215,5.4445451475906355
20170506,nist,G31,-50.67765436834568,6.321148283251717
20170506,nist,G31,-50.874417420840054,6.306749916785943
20170506,nist,G31,-56.963978080578556,5.440108120804684
20170507,nist,G31,-50.53526221244251,6.336372833044209
20170507,nist,G31,-51.125577348891696,6.292593977040327
20170507,nist,G31,-51.912887176114495,6.2220791730664695
20170507,nist,G31,-57.01818692544258,5.435632630460205
20170507,nist,G31,-178.5390326376239,10.850199385122066
20170508,nist,G31,-50.589609284984796,6.338028752622157
20170508,nist,G31,-51.179954317363865,6.293664495882451
20170508,nist,G31,-54.917342318302566,5.833866730690842
20170508,nist,G31,-55.3098921364018,5.767910826512254
20170508,nist,G31,-56.87692905535524,5.471730167302046
20170509,nist,G31,-47.307198215489954,6.444617073286315
20170509,nist,G31,-50.84072849956264,6.325529366055685
20170509,nist,G31,-51.03752144262026,6.310545588231447
20170509,nist,G31,-51.43116259175773,6.2779724999501605
20170509,nist,G31,-51.82484725247144,6.2419389930871905
20170509,nist,G31,-54.7753399636734,5.863227948971556
20170509,nist,G31,-56.93115042882435,5.467354405235409
20170509,nist,G31,-178.53469856473524,10.747109934661683
20170509,nist,G31,-178.58231612129077,10.95581367348462
20170509,nist,G31,65.62619544901577,9.113293510413286
20170509,nist,G31,69.37240297972696,4.61021796738059
20170510,nist,G31,-50.6983145130369,6.341212609895932
20170510,nist,G31,-54.8297095925674,5.860800853005236
20170510,nist,G31,-55.418570446135355,5.761996045987234
20170510,nist,G31,-56.98536897435624,5.462940121701429
20170511,nist,G31,-51.14627359617683,6.312863697274165
20170511,nist,G31,-51.53994627227996,6.27951369987401
20170511,nist,G31,-51.93365443075159,6.242707022565148
20170511,nist,G31,-54.88407838626593,5.858333587756508
20170511,nist,G31,-55.080422604678475,5.826033333345758
20170511,nist,G31,-57.03958465368014,5.458487352026678
20170511,nist,G31,-178.76679111373312,11.690390605949634
20170512,nist,G31,-50.807034192098584,6.34422595051748
20170512,nist,G31,-51.00383355579938,6.329527446692879
20170512,nist,G31,-51.39749207438504,6.297522933553031
20170512,nist,G31,-51.98806138957156,6.2430280077032325
20170512,nist,G31,-56.8983045651753,5.494525687576614
20170513,nist,G31,-52.042470531600955,6.2433070031219104
20170513,nist,G31,-52.23933464019064,6.223228059069564
20170513,nist,G31,-56.952532732589084,5.4901726861294895
20170514,nist,G31,-50.71897305898447,6.3612866242430375
20170514,nist,G31,-57.006758092920876,5.4857811406651935
20170515,nist,G31,-50.773334645881675,6.362839620324718
20170515,nist,G31,-51.56067541918392,6.299972523066648
20170515,nist,G31,-51.757545291994724,6.282089613466844
20170515,nist,G31,-57.060980607806606,5.481351086475012
20170516,nist,G31,-48.077202248594865,6.476516768539998
20170516,nist,G31,-50.82769982686088,6.364349990569234
20170516,nist,G31,-56.91967830263765,5.517330235425948
20170517,nist,G31,-47.935373438824,6.48230997402883
20170517,nist,G31,-48.13132136780906,6.480756518126686
20170517,nist,G31,-50.68526856783082,6.3797496545720795
20170517,nist,G31,-51.47260326110875,6.318800577685496
20170517,nist,G31,-51.866359865321144,6.283124673017353
20170517,nist,G31,-55.21027122521445,5.842688145427229
20170517,nist,G31,-56.97391326504825,5.512999989407215
20170518,nist,G31,-48.18544723049781,6.484952632924118
20170518,nist,G31,-50.93644077545763,6.367242930104656
20170518,nist,G31,-51.527001706918966,6.319641896287222
20170518,nist,G31,-51.723883058490124,6.30204196918886
20170518,nist,G31,-51.9207707506903,6.28357905511699
20170518,nist,G31,-55.0682933855543,5.872706874755529
20170518,nist,G31,-57.028145441257266,5.50863117683153
20170518,nist,G31,65.24172415211305,9.484157903298936
20170518,nist,G31,68.96553386222061,4.9631125711722195
20170518,nist,G31,69.09690206680946,4.810365495873306
20170518,nist,G31,69.49210558980987,4.353325111135536
20170518,nist,G31,69.62420218417465,4.201375549055011
20170518,nist,G31,69.75647772139187,4.0496230766412005
20170518,nist,G31,69.88893094568496,3.898066776103828
20170518,nist,G31,70.0215606041505,3.746705728568902
20170518,nist,G31,70.28734422626482,3.4445657114106796
20170519,nist,G31,-57.08237479284188,5.504223832937857
20170519,nist,G31,179.04824335467643,22.653080354524292
20170519,nist,G31,178.58909534088937,25.409871255691396
20170519,nist,G31,56.395287354860045,22.41710736916254
20170519,nist,G31,58.421707925476554,19.069389601266344
20170519,nist,G31,58.64196067383583,18.722799599031323
20170519,nist,G31,59.08623109127801,18.032868596869378
20170519,nist,G31,59.19807179611808,17.8610586869034
20170519,nist,G31,59.310217941626846,17.689516511971835
20170519,nist,G31,61.027820826125826,15.148020756762966
20170519,nist,G31,61.49661579858721,14.480118655738634
20170519,nist,G31,61.61449462849516,14.313777141601848
20170519,nist,G31,61.969737146358774,13.81626171175291
20170519,nist,G31,62.327354910765976,13.32099334126173
20170519,nist,G31,62.80779951425463,12.664093636346122
20170519,nist,G31,62.92854686185374,12.500480848604097
20170519,nist,G31,63.536024175089864,11.686048905528278
20170519,nist,G31,63.78073254753349,11.36195566245541
20170519,nist,G31,64.39669321434809,10.555863063417764
20170519,nist,G31,64.76908427056398,10.075013010524716
20170519,nist,G31,66.15188439648679,8.329481453246245
20170519,nist,G31,67.68986696824109,6.455740626605457
20170519,nist,G31,68.99339545316477,4.917508881936959
20170519,nist,G31,69.52006047640278,4.307907697118032
20170520,nist,G31,-48.0976949426599,6.49536825096168
20170520,nist,G31,-51.045195513991374,6.369965597221501
20170520,nist,G31,-51.24204960819233,6.354577233633755
20170520,nist,G31,-52.02959948064515,6.28436163487313
20170520,nist,G31,-56.94105027267735,5.540143809979171
20170521,nist,G31,-50.902736175561074,6.385976453770645
20170521,nist,G31,-51.69021351216315,6.3219122803252175
20170521,nist,G31,-52.08401723007134,6.284689877245238
20170521,nist,G31,-56.99529203119904,5.535836314199262
20170522,nist,G31,-50.95711201599914,6.3874265975714275
20170522,nist,G31,-51.74462277632103,6.322584622107171
20170522,nist,G31,-52.13843717246296,6.284976117978141
20170522,nist,G31,-55.28577096948988,5.862050323127892
20170522,nist,G31,-57.04953102441505,5.531490229319713
20170524,nist,G31,-50.86902629887697,6.404627098610738
20170524,nist,G31,-51.656536795508565,6.341700491201776
20170524,nist,G31,-56.962420480279825,5.562966410376847
20170525,nist,G31,-50.726570700589434,6.419896075622622
20170525,nist,G31,-51.71094749487533,6.342439785328039
20170525,nist,G31,-57.01666903601774,5.558681659647352
20170526,nist,G31,-48.422520922534886,6.520306346663446
20170526,nist,G31,-50.977781655409906,6.4076199294609735
20170526,nist,G31,-51.17464966512344,6.392801527662283
20170526,nist,G31,-51.96228519980715,6.3248523005419255
20170526,nist,G31,-57.07091484736522,5.554358297262047
20170527,nist,G31,-48.280574568617226,6.5269720817937715
20170527,nist,G31,-51.03216461967977,6.409052435490904
20170527,nist,G31,-51.22904240533513,6.39403894698939
20170527,nist,G31,-51.819776830639675,6.3437917081574176
20170527,nist,G31,-57.12515787579743,5.549996358391681
20170528,nist,G31,-48.33471750602508,6.531132240865181
20170528,nist,G31,-50.8896871412934,6.424780166104467
20170528,nist,G31,-51.87419537102677,6.344404379979332
20170528,nist,G31,-52.661925069559125,6.264567604206052
20170528,nist,G31,-56.98378893042024,5.585798035753627
20170528,nist,G31,-178.10552116930572,8.236021835433124
20170528,nist,G31,-178.3611761463211,9.258555739257572
20170528,nist,G31,-178.4114666123318,9.464235322548715
20170528,nist,G31,-178.4614830161059,9.670303657437117
20170528,nist,G31,-178.5112280054743,9.87675980908254
20170528,nist,G31,-178.56070424244052,10.08360284275534
20170528,nist,G31,-178.60991440341016,10.290831823666812
20170528,nist,G31,-178.65886117942927,10.498445816808955
20170528,nist,G31,-178.70754727650163,10.7064438869115
20170528,nist,G31,-178.75597541576272,10.914825098224885
20170528,nist,G31,-178.80414833382298,11.12358851442205
20170528,nist,G31,-178.85206878302975,11.332733198508814
20170528,nist,G31,-178.89973953174098,11.54225821261498
20170528,nist,G31,-178.94716336460942,11.752162617913438
20170528,nist,G31,-179.04128150487986,12.173105841149047
20170528,nist,G31,-179.22667920237504,13.019503533984807
20170528,nist,G31,-179.272454029533,13.232037280309243
20170528,nist,G31,179.5662105649165,19.107811842818908
20170528,nist,G31,179.52552176822365,19.33038538317125
20170528,nist,G31,179.44453859398607,19.77656254618438
20170528,nist,G31,179.3640566857057,20.224105918480117
20170528,nist,G31,179.3239943415721,20.448387193569882
20170528,nist,G31,179.20447593645886,21.1232560447969
20170528,nist,G31,179.16484640077192,21.34888358869442
20170529,nist,G31,-50.74721938575655,6.439983825009458
20170529,nist,G31,-51.92861642918152,6.344974887697831
20170529,nist,G31,-57.03804428449158,5.581536024868194
20170530,nist,G31,-47.463541998529415,6.54221989290602
20170530,nist,G31,-48.6392026953503,6.536059790900367
20170530,nist,G31,-50.99844969630575,6.427822925512306
20170530,nist,G31,-52.1799859155901,6.3264463313006525
20170530,nist,G31,-57.09229691516691,5.577235379789659
20170531,nist,G31,-50.85596699118944,6.443332575685577
20170531,nist,G31,-51.052836305084035,6.429280372082786
20170531,nist,G31,-52.03746590733096,6.3459894984329015
20170531,nist,G31,-52.23441672010624,6.326739748600412
20170531,nist,G31,-57.14654678379511,5.572896135625261
20170601,nist,G31,-51.107226402738625,6.430695222250266
20170601,nist,G31,-51.89494009352247,6.365015568402785
20170601,nist,G31,-52.091894231688094,6.346433645564525
20170601,nist,G31,-57.005155628080054,5.608638685259659
20170602,nist,G31,-48.80178054674863,6.547417637028283
20170602,nist,G31,-51.16161994035746,6.432067495440227
20170602,nist,G31,-57.059417781650666,5.604399409011312
20170603,nist,G31,-51.21601686905082,6.433397211210716
20170603,nist,G31,-57.113677232821686,5.600121476027494
20170604,nist,G31,-50.87662110148509,6.463480017127814
20170604,nist,G31,-51.27041714000008,6.4346843892445085
20170604,nist,G31,-57.16793394287949,5.595804921373624
20170605,nist,G31,-48.76809637769101,6.562843971173167
20170605,nist,G31,-50.93100405194602,6.465115326832543
20170605,nist,G31,-51.32482070440064,6.435929049344736
20170605,nist,G31,-57.026520578251535,5.631488358020078
20170605,nist,G31,70.1278055471951,3.3863780541726
20170606,nist,G31,-51.37922751349821,6.437131211453282
20170606,nist,G31,-51.77313965143126,6.4040797832698075
20170606,nist,G31,-57.080789532505136,5.627271811207437
20170607,nist,G31,-50.84289090374523,6.481934138917442
20170607,nist,G31,-51.03978099317888,6.4682579091190515
20170607,nist,G31,-51.433637518567885,6.438290895622636
20170607,nist,G31,-57.13505580537503,5.62301658510341
20170608,nist,G31,-50.89727362654184,6.483637139136793
20170608,nist,G31,-51.488050670952376,6.439408122051008
20170608,nist,G31,-51.685016031117385,6.4229268942439
20170608,nist,G31,-51.8819936389357,6.405579928671546
20170608,nist,G31,-57.1893193580811,5.618722714742219
20170609,nist,G31,-48.788609597510124,6.582022664917216
20170609,nist,G31,-50.95166012540615,6.485297419577971
20170609,nist,G31,-51.54246692202764,6.440482911050903
20170609,nist,G31,-51.73944016020744,6.423807410322791
20170609,nist,G31,-57.04788378594282,5.6543470531884115
20170610,nist,G31,-51.0060503511193,6.48691499897173
20170610,nist,G31,-51.39992008834055,6.457518079130421
20170610,nist,G31,-51.59688622318292,6.4415152830506335
20170610,nist,G31,-57.10215954207519,5.650153230592124
20170611,nist,G31,-47.91645472254488,6.6000198146995395
20170611,nist,G31,-51.0604442544464,6.488489896163561
20170611,nist,G31,-51.45433394582931,6.458702585504873
20170611,nist,G31,-52.045294397101614,6.407513426636309
20170611,nist,G31,-57.15643263787848,5.645920706160802
20170611,nist,G31,-179.15765624325724,12.07477173579092
20170612,nist,G31,-50.917924568952174,6.503803941469184
20170612,nist,G31,-51.508750980362706,6.459844617793656
20170612,nist,G31,-51.70573378169295,6.443452858493401
20170612,nist,G31,-57.01496009670336,5.681347114281228
20170613,nist,G31,-51.16924289736631,6.491511720034299
20170613,nist,G31,-57.069245256125505,5.67721476989273
20170614,nist,G31,-51.02670841714394,6.507131715623518
20170614,nist,G31,-51.22364753873645,6.492958685059825
20170614,nist,G31,-57.123527815370856,5.673043666294983
20170614,nist,G31,70.91215954594739,2.379225786276154
20170615,nist,G31,-51.08110592781542,6.508731546366603
20170615,nist,G31,-51.6720206595533,6.463016073331572
20170615,nist,G31,-56.98201856889997,5.708271907105575
20170615,nist,G31,70.9402257877443,2.3343273235110433
20170616,nist,G31,-51.33246721610193,6.495724818131949
20170616,nist,G31,-57.03631305131003,5.704201115411495
20170616,nist,G31,67.42866864298182,6.404810133623646
20170616,nist,G31,70.96829204131632,2.2894394933129543
20170617,nist,G31,-51.3868821541467,6.497044025307851
20170617,nist,G31,-57.0906049938647,5.700091507298732
20170617,nist,G31,70.99635830929928,2.2445622859953382
20170618,nist,G31,-51.44130042645563,6.498320685849722
20170618,nist,G31,-57.1448943574456,5.695943117463524
20170618,nist,G31,71.02442459434293,2.1996956917717543
20170619,nist,G31,-51.495721984191974,6.499554819645576
20170619,nist,G31,-57.00336303169245,5.731112179778284
20170619,nist,G31,71.05249089905247,2.1548397009835765
20170619,nist,G31,-51.15617082117778,6.530564923173996
20170620,nist,G31,-57.05766427720315,5.727064141591419
20170620,nist,G31,71.08055722607402,2.109994303806069
20170621,nist,G31,-57.11196300416272,5.722977264527276
20170621,nist,G31,71.10862357796748,2.065159490589626
20170622,nist,G31,-56.970395301988084,5.757947875966809
20170622,nist,G31,71.13668995734855,2.020335251537584
20170623,nist,G31,71.16475636678135,1.9755215769715522
20170623,nist,G31,-51.76787734611775,6.505088291932803
20170624,nist,G31,71.19282280883755,1.9307184571387723
20170624,nist,G31,-51.62527416240199,6.522385692178748
20170625,nist,G31,71.22088928607808,1.8859258823227323
20170626,nist,G31,71.24895580103629,1.8411438427545372
20170627,nist,G31,71.27702235623036,1.7963723287962945
20170628,nist,G31,71.30508895420472,1.7516113306254186
20170629,nist,G31,71.33315559744699,1.7068608385974615
20170629,nist,G31,-45.429213456953796,6.602446000182109
20170629,nist,G31,-51.503358946614306,6.559596770009831
20170630,nist,G31,69.7676891630312,3.4657214965216987
20170630,nist,G31,70.42862974922144,2.7108900797838356
20170630,nist,G31,71.3612222884731,1.6621208429528205
20170703,nist,G31,71.44542267294628,1.5279637372055097
20170703,nist,G31,-48.76954590654754,6.704374008181443
20170704,nist,G31,71.4734895797781,1.4832656299666458
20170704,nist,G31,-55.32152712564757,6.137615175107277
20170705,nist,G31,71.50155654670078,1.4385779705410944
20170705,nist,G31,-48.87794962415658,6.712536075136764
20170706,nist,G31,71.52962357612049,1.393900749225719
20170706,nist,G31,-48.73584737753952,6.719383629249193
20170706,nist,G31,-49.91492000760205,6.689038650184388
20170706,nist,G31,-51.687362774811,6.583913642268091
20170707,nist,G31,71.55769067047407,1.3492339562719653
20170708,nist,G31,174.1705974426856,44.604382118061466
20170708,nist,G31,174.040795449633,45.10427547778268
20170708,nist,G31,173.84004537070135,45.855039924104425
20170708,nist,G31,173.5602517462818,46.857619731964284
20170708,nist,G31,173.48799729723459,47.10851608084345
20170708,nist,G31,173.11175680085668,48.364290370230236
20170708,nist,G31,172.70831151966402,49.62179712367576
20170708,nist,G31,172.36371294197426,50.62863711809426
20170708,nist,G31,171.99763229680812,51.635849542256274
20170708,nist,G31,171.80588466090416,52.139481177005045
20170708,nist,G31,170.63247788845516,54.907192137760596
20170708,nist,G31,163.67051481442323,64.77956791507063
20170708,nist,G31,163.15101577174312,65.25598678737211
20170708,nist,G31,156.0136260577566,70.05208532905311
20170708,nist,G31,154.20978264840954,70.90719963514672
20170708,nist,G31,152.22401475487237,71.73660741940098
20170708,nist,G31,150.60380108972933,72.33952764173887
20170708,nist,G31,147.62925708216213,73.30256647371259
20170708,nist,G31,127.61570462433141,76.8710562028495
20170708,nist,G31,126.56368786508766,76.96887811407225
20170708,nist,G31,103.31043261534339,77.76204524997152
20170708,nist,G31,71.58575783214756,1.304577582049389
20170709,nist,G31,71.61382506356111,1.2599316167527912
20170710,nist,G31,71.64189236707864,1.2152960507549893
20170710,nist,G31,-48.3639705729069,6.741348119758784
20170710,nist,G31,-48.952662945019696,6.73580979129624
20170710,nist,G31,-49.542132155336894,6.7222422623288285
20170710,nist,G31,-49.73877172921587,6.71594174730142
20170711,nist,G31,71.66995974508656,1.1706708743391667
20170711,nist,G31,-55.30925392570987,6.184130468015511
20170712,nist,G31,70.76361702515969,2.1711597519341694
20170712,nist,G31,71.43021928890586,1.4237329637235694
20170712,nist,G31,71.69802719993129,1.1260560777868758
20170713,nist,G31,71.72609473398384,1.0814516513595183
20170714,nist,G31,71.48627044397294,1.3343632381956858
20170714,nist,G31,-48.97316308969427,6.755077878488723
20170714,nist,G31,-50.1528161137502,6.72049929194822
20170714,nist,G31,-51.728747217633206,6.624980301755068
20170714,nist,G31,-52.32018241633801,6.5747656559106
20170714,nist,G31,-55.079075877559156,6.238733785390759
20170714,nist,G31,-55.86591253261957,6.112583792584792
20170715,nist,G31,71.64818129471844,1.140892765643383
20170716,nist,G31,71.67622823177572,1.0962767984048891
20170716,nist,G31,-49.08161466590807,6.763079957095411
20170716,nist,G31,-55.38479715040208,6.204049505388757
20170716,nist,G31,-55.58152159464495,6.172552452205614
20170717,nist,G31,71.70427527787503,1.0516712075341434
20170717,nist,G31,-49.13585019451375,6.767015539375266
20170717,nist,G31,-55.24248190945172,6.232655437664985
20170717,nist,G31,-55.43925736459547,6.201797646385192
20170717,nist,G31,-55.63597285716757,6.170116016478497
20170718,nist,G31,71.73232243532031,1.0070759833898366
20170718,nist,G31,-55.49371691830926,6.199505438834276
20170718,nist,G31,-55.690423261788524,6.167639373965918
20170719,nist,G31,70.95904086008268,1.8570287970054373
20170719,nist,G31,71.62640055916651,1.1111214701563508
20170719,nist,G31,71.76036970642318,0.9624911162220313
20170719,nist,G31,-48.851518745707025,6.781160392490668
20170719,nist,G31,-55.351417030838235,6.228400716534602
20170719,nist,G31,-55.5481757680673,6.197172912778901
20170720,nist,G31,-178.71746687302286,8.730791843067037
20170720,nist,G31,179.98481121647387,14.158476589134752
20170720,nist,G31,71.92256988511535,0.769510216633086
20170720,nist,G31,-49.29859512678935,6.778560603086095
20170720,nist,G31,-55.20907503120202,6.256800530683559
20170721,nist,G31,-179.35898399433913,11.256452164266342
20170721,nist,G31,71.95063813611561,0.7249884025295139
20170721,nist,G31,-55.46034995699497,6.2239842798722655
20170722,nist,G31,71.04279748947778,1.7225607116018633
20170722,nist,G31,71.97870648699752,0.6804768713146923
20170722,nist,G31,-55.51481548781534,6.22171549270466
20170723,nist,G31,68.57307559483394,4.552357164745905
20170723,nist,G31,71.73850709540056,0.9327151759204376
20170723,nist,G31,71.87255997298233,0.7842550235480159
20170723,nist,G31,72.00677493999406,0.6359756133934156
20170723,nist,G31,-48.87200837088639,6.800381865566158
20170723,nist,G31,-49.068385844479074,6.797717620979391
20170723,nist,G31,-55.372496064894584,6.250549659199361
20170724,nist,G31,72.03484349735886,0.5914846190119321
20170724,nist,G31,-55.62374446734754,6.217056930604608
20170724,nist,G31,-56.01710526837358,6.151936893922758
20170725,nist,G31,72.06291216130957,0.5470038785189816
20170725,nist,G31,-55.48144087285213,6.246180114750673
20170725,nist,G31,-55.67820782932617,6.214667215988893
20170725,nist,G31,-55.87491166185395,6.182332764004584
20170726,nist,G31,179.898872377815,14.267214804624746
20170726,nist,G31,72.09098093406644,0.5025333822147569
20170726,nist,G31,-55.73267038171716,6.212237252712696
20170726,nist,G31,-55.929364374556634,6.179718858831585
20170727,nist,G31,72.11904981782783,0.4580731204863176
20170727,nist,G31,-49.28535844763269,6.813576109148364
20170727,nist,G31,-55.78713208132949,6.209767071224633
20170728,nist,G31,72.14711881479771,0.41362308354333277
20170728,nist,G31,-55.64485338938554,6.239322948219182
20170729,nist,G31,72.1751879271414,0.36918326182673944
20170729,nist,G31,-49.39388328586292,6.821243563925689
20170729,nist,G31,-55.69932280202839,6.236956586155959
20170730,nist,G31,72.20325715705147,0.32475364559419945
20170730,nist,G31,-55.36016409596153,6.296952352777839
20170731,nist,G31,72.23132650668481,0.2803342252056584
20170731,nist,G31,-55.61148445928282,6.263900844636072
20170801,nist,G31,70.79001085963154,1.872826115099298
20170801,nist,G31,72.25939597820874,0.23592499098241132
20170801,nist,G31,-55.66596064108222,6.2615981505345975
20170802,nist,G31,72.28746557374511,0.1915259332691731
20170803,nist,G31,72.31553529544789,0.1471370423660499
20170803,nist,G31,-49.46866895352914,6.844512972335713
20170804,nist,G31,72.34360514542794,0.10275830866584393
20170805,nist,G31,68.80024686566252,4.1123835949915675
20170805,nist,G31,72.37167512581205,0.05838972246304289
20170806,nist,G31,72.39974523870562,0.014031274138922637
20170807,nist,G31,72.42781548619429,-0.03031704600203556
20170808,nist,G31,72.45588587037696,-0.0746552476246083
20170809,nist,G31,72.4839563933173,-0.11898334029146787
20170810,nist,G31,72.51202705709774,-0.16330133379216552
20170811,nist,G31,68.18847838112404,4.757740782410619
20170812,nist,G31,72.56816881536703,-0.25190706160224524
20170812,nist,G31,-55.08388015577214,6.420390457323004
20170813,nist,G31,72.5962399139386,-0.29619481522638813
20170814,nist,G31,72.62431116151951,-0.3404725082101338
20170815,nist,G31,72.65238256012196,-0.3847401501633493
20170816,nist,G31,72.68045411176794,-0.42899775076877406
20170816,nist,G31,-49.584489274367,6.906901594243374
20170817,nist,G31,72.70852581845874,-0.4732453196225273
20170818,nist,G31,72.73659768217624,-0.5174828663971434
20170819,nist,G31,72.76466970489692,-0.5617104006593996
20170819,nist,G31,-52.5068186351484,6.762441176715068
20170819,nist,G31,-52.901493512294714,6.72623570649311
20170820,nist,G31,-179.882283923904,12.21088422521083
20170820,nist,G31,72.92768354440594,-0.752867642331172
20170820,nist,G31,-52.75867607721048,6.745469047203081
20170821,nist,G31,72.95577579733857,-0.7970344039835144
20170821,nist,G31,-52.813201861209826,6.746125846358876
20170822,nist,G31,72.98386819427449,-0.8411912265328312
20170823,nist,G31,73.01196073718306,-0.8853381196736464
20170824,nist,G31,73.04005342796341,-0.9294750929769088
20170824,nist,G31,-52.38471899200447,6.8011710883356855
20170824,nist,G31,-52.779428753095566,6.766482314292476
20170825,nist,G31,179.90499962610892,12.896529556112334
20170825,nist,G31,58.653923519108794,17.59900362533516
20170825,nist,G31,73.06814626855441,-0.9736021560825994
20170826,nist,G31,73.096239260853,-1.0177193185382132
20170827,nist,G31,179.85984282252164,13.002740688194017
20170828,nist,G31,179.83725356722442,13.05586979997868
20170829,nist,G31,67.651825502621,5.164889264521495
20170830,nist,G31,67.16963203388191,5.7383689511592175
20170830,nist,G31,67.55128581408445,5.2734822365418745
20170830,nist,G31,67.6789178822433,5.118940769744074
20170830,nist,G31,68.32012482681787,4.349349926424345
20170830,nist,G31,68.70723914698475,3.890057010286575
20170830,nist,G31,68.96628961386203,3.584872696889718
20170830,nist,G31,69.35630095755056,3.128594943912595
20170830,nist,G31,69.74800441447826,2.6740942894319084
20170830,nist,G31,70.66836765148572,1.620368003581811
20170830,nist,G31,70.9329261783889,1.3210131903159337
20170830,nist,G31,71.06546548264171,1.171616244291356
20170830,nist,G31,71.73071299263609,0.42739986965749843
20170830,nist,G31,72.26589849286796,-0.164705744250907
20170830,nist,G31,72.80365493295982,-0.7539701556358458
20170831,nist,G31,50.706499507969546,60.901590050510585
20170903,nist,G31,169.98760311516637,53.32702570640491
20170903,nist,G31,64.17099713696226,9.4993006178659
20170903,nist,G31,66.64509529319,6.331977566856363
20170903,nist,G31,66.89744055330505,6.020107520693727
20170903,nist,G31,67.27755502100919,5.553906783508806
20170903,nist,G31,68.68715255636907,3.860618634304248
20170903,nist,G31,68.94602700227632,3.5554080017042082
20170903,nist,G31,69.46607310705626,2.9473820330242186
20170903,nist,G31,71.84218064708286,0.24937135596316642
20170904,nist,G31,72.53996584259222,-0.5337491119902402
20170904,nist,G31,73.21384527809616,-1.267997105658734
20170908,nist,G31,-179.69722737650025,10.708656311296327
20170908,nist,G31,-179.74973964407252,10.915660928271873
20170908,nist,G31,-179.80201300964825,11.123049689894476
20170908,nist,G31,-179.85405036411422,11.33082161617509
20170908,nist,G31,-179.90585461640438,11.538975725853598
20170908,nist,G31,-179.9574286939286,11.747511036301416
20170908,nist,G31,179.99122445710302,11.95642656344434
20170908,nist,G31,179.94010187148479,12.165721321447707
20170908,nist,G31,179.88920056447722,12.375394322808905
20170908,nist,G31,179.83851753160954,12.585444578039896
20170908,nist,G31,179.78804974827725,12.79587109556333
20170908,nist,G31,179.7377941693802,13.006672881629623
20170908,nist,G31,179.68774772898962,13.217848940015726
20170908,nist,G31,179.63790733993088,13.429398272047948
20170908,nist,G31,179.58826989334133,13.641319876406559
20170908,nist,G31,179.53883225844078,13.853612748841831
20170908,nist,G31,179.4895912819354,14.066275882214939
20170908,nist,G31,179.4405437877715,14.2793082662115
20170908,nist,G31,179.39168657663325,14.492708887183094
20170908,nist,G31,179.34301642547388,14.706476728097957
20170908,nist,G31,179.294530087174,14.920610768249006
20170908,nist,G31,179.2462242899804,15.135109983223451
20170908,nist,G31,179.1980957371588,15.349973344607617
20170908,nist,G31,179.15014110645447,15.565199819887571
20170908,nist,G31,179.1023570496356,15.780788372305143
20170908,nist,G31,179.05474019197538,15.996737960689838
20170908,nist,G31,179.00728713176048,16.213047539244826
20170908,nist,G31,178.95999443982117,16.429716057376055
20170908,nist,G31,178.91285865893798,16.64674245958588
20170908,nist,G31,178.7723577792117,17.299958337487265
20170908,nist,G31,175.21994997152794,35.30132521290003
20170908,nist,G31,175.1696257208897,35.543215128960114
20170908,nist,G31,170.1831769315015,52.62722600400226
20170908,nist,G31,169.96061600709152,53.127203707560554
20170908,nist,G31,169.8466532417963,53.37710040252772
20170908,nist,G31,169.73084635021505,53.626925874302856
20170908,nist,G31,169.61315207481022,53.87667259083158
20170908,nist,G31,169.49352606891463,54.1263328601082
20170908,nist,G31,169.3719228646414,54.375898825128644
20170908,nist,G31,169.24829583888075,54.62536245915034
20170908,nist,G31,169.12259717932344,54.87471556029141
20170908,nist,G31,168.9947778482862,55.12394974621453
20170908,nist,G31,168.86478754626685,55.373056448463004
20170908,nist,G31,168.7325746737767,55.622026906722375
20170908,nist,G31,168.59808629247868,55.870852162606226
20170908,nist,G31,168.46126808451586,56.119523053534586
20170908,nist,G31,168.32206431086834,56.36803020617976
20170908,nist,G31,167.74022660166446,57.36022620166236
20170908,nist,G31,159.29855770928822,66.48942489661214
20170911,nist,G31,68.77613434856471,3.649029900827168
20170915,nist,G31,61.75146253471832,12.673840242382965
20170920,nist,G31,-179.97228035824276,11.335783705921672
20170920,nist,G31,179.9754432422385,11.543783619565433
20170921,nist,G31,73.69114812278566,-2.015664957321367
20170921,nist,G31,73.82671637310852,-2.16132183737216
20170923,nist,G31,179.90661852307628,11.701176902136659
20170923,nist,G31,179.85462060667945,11.9098048704661
20170923,nist,G31,179.80284513694735,12.118812494360357
20170924,nist,G31,69.65066796884695,2.451754312175137
20170924,nist,G31,72.29356843759419,-0.5351613101561056
20170924,nist,G31,73.91101032132961,-2.292853353316567
20170925,nist,G31,179.9128957997399,11.597773855943451
20170925,nist,G31,179.8607064953911,11.806185795579779
20170925,nist,G31,179.80874079163848,12.014977910532988
20170925,nist,G31,179.75699569378904,12.224149206857918
20170925,nist,G31,179.70546818738518,12.433698688612699
20170925,nist,G31,179.65415523760922,12.643625357905226
20170925,nist,G31,179.60305378907478,12.853928214615927
20170925,nist,G31,179.55216076553765,13.064606256204936
20170925,nist,G31,179.50147306929287,13.275658477733712
20170925,nist,G31,179.45098758095546,13.487083871583268
20170925,nist,G31,179.4007011590182,13.698881427343686
20170925,nist,G31,72.32142389498792,-0.5794699425165629
20170925,nist,G31,73.93910871223092,-2.336677952162383
20170926,nist,G31,73.9672073099879,-2.3804929469940643
20170926,nist,G31,74.37507701227509,-2.8158839688217205
20170927,nist,G31,70.25606051105079,1.7133930643121857
20170927,nist,G31,73.58870123293548,-1.9875339971363444
20170927,nist,G31,73.85962278224144,-2.278876955935168
20170927,nist,G31,73.99530611625106,-2.424298347330861
20170927,nist,G31,74.13113623146431,-2.5695542345867777
20170927,nist,G31,74.40323204008197,-2.8595731631771324
20170928,nist,G31,179.18245959262035,14.497030904458315
20170928,nist,G31,179.1329491877876,14.710543884612818
20170928,nist,G31,179.08361876156286,14.924423169090868
20170928,nist,G31,179.0344650069183,15.138667722891448
20170928,nist,G31,178.985484591316,15.35327650692155
20170928,nist,G31,178.93667415613842,15.568248477938935
20170928,nist,G31,178.88803031629578,15.783582588274161
20170928,nist,G31,178.8395496597346,15.99927778563802
20170928,nist,G31,178.79122874682085,16.215333013126738
20170928,nist,G31,178.74306410994438,16.431747208872405
20170928,nist,G31,178.69505225284703,16.648519305999887
20170928,nist,G31,178.64718965027487,16.865648232274303
20170928,nist,G31,178.59947274718294,17.083132910187995
20170928,nist,G31,178.55189795841673,17.300972256493033
20170928,nist,G31,178.5044616679683,17.519165182196332
20170928,nist,G31,178.45716022842382,17.737710592399846
20170928,nist,G31,178.40998996038905,17.956607385980575
20170928,nist,G31,178.36294715179662,18.17585445556035
20170928,nist,G31,178.31602805745374,18.395450687094097
20170928,nist,G31,178.26922889813488,18.615394959968608
20170928,nist,G31,178.22254586019397,18.83568614656602
20170928,nist,G31,178.17597509463693,19.056323112245867
20170928,nist,G31,178.1295127166483,19.277304715039584
20170928,nist,G31,178.0831548048076,19.498629805427182
20170928,nist,G31,178.03689740029552,19.720297226295322
20170928,nist,G31,177.9907365063218,19.942305812532545
20170928,nist,G31,177.94466808718275,20.164654391049602
20170928,nist,G31,177.89868806771102,20.387341780325208
20170928,nist,G31,177.8527923322646,20.610366790444832
20170928,nist,G31,177.80697672418435,20.833728222665755
20170928,nist,G31,177.76123704473105,21.05742486938202
20170928,nist,G31,177.71556905239464,21.28145551379725
20170928,nist,G31,177.6699684620289,21.505818929776005
20170928,nist,G31,177.5789521229005,21.955539123739864
20170928,nist,G31,177.5335275776017,22.180893400553025
20170928,nist,G31,74.15925416063645,-2.613311157346079
20170928,nist,G31,74.43138721472094,-2.9032529042989044
20170929,nist,G31,71.36648557421289,0.427568296726116
20170929,nist,G31,74.45954253782126,-2.946923201706081
20170930,nist,G31,74.21549059254924,-2.7007964179461723
20170930,nist,G31,74.48769801099395,-2.990584064831313
20171001,nist,G31,72.55897510699569,5.273108791065775
20171001,nist,G31,72.69684756053621,5.123318170733781
20171002,nist,G31,72.71035840555318,5.143442409591501
20171003,nist,G31,72.58592326503887,5.313356374360015
20171003,nist,G31,72.86194641353853,5.013962764735022
20171003,nist,G31,-174.93733936499677,8.568953191838968
20171004,nist,G31,72.59939584752378,5.333484756348942
20171004,nist,G31,72.87549131564026,5.034094992016375
20171005,nist,G31,72.61286743578349,5.353616198047907
20171005,nist,G31,72.889035252313,5.0542302648849295
20171006,nist,G31,72.9025782262005,5.0743685829465095
20171008,nist,G31,72.92966129619859,5.114654353070242
20171008,nist,G31,-174.0437955189136,4.897051815996537
20171009,nist,G31,72.94320139760084,5.134801804343759
20171011,nist,G31,72.14206653699837,6.075364167031327
20171011,nist,G31,72.2797665911989,5.924866864184376
20171011,nist,G31,72.41760234701573,5.7745525701012
20171011,nist,G31,73.1087752941938,5.025691849740451
20171011,nist,G31,-174.01956097100663,5.086324607123568
20171011,nist,G31,-174.0647342417366,5.286533076658572
20171011,nist,G31,-174.1095465201016,5.487136374499955
20171011,nist,G31,-174.19809648834467,5.88952400949568
20171011,nist,G31,-174.24183838618677,6.091306631081894
20171012,nist,G31,73.12234841545218,5.04585017238451
20171013,nist,G31,73.13592060683133,5.066011530184043
20171013,nist,G31,-173.97290478882599,5.079286194749107
20171013,nist,G31,-174.4897391786712,7.507987663102933
20171013,nist,G31,-174.53055913753212,7.712904000889973
20171013,nist,G31,-174.57104298912725,7.918204810169221
20171013,nist,G31,-174.61119289593367,8.123889258508287
20171013,nist,G31,-174.65101102716037,8.329956515195123
20171013,nist,G31,-174.6904995588874,8.53640575113325
20171013,nist,G31,-174.72966067420984,8.743236138727966
20171013,nist,G31,-174.76849656339218,8.950446851789925
20171013,nist,G31,-174.80700942401154,9.158037065416714
20171013,nist,G31,-174.84520146112408,9.366005955890666
20171013,nist,G31,-174.88307488742007,9.574352700563923
20171013,nist,G31,-174.920631923391,9.783076477752918
20171013,nist,G31,-174.95787479750214,9.992176466624763
20171013,nist,G31,-175.03142701490953,10.411501799663352
20171014,nist,G31,73.14949187100227,5.086175922741678
20171015,nist,G31,69.06466697881676,9.669866209792136
20171015,nist,G31,72.33317581949254,6.005471860970362
20171015,nist,G31,72.60927877395096,5.705042118830097
20171015,nist,G31,73.16306221063859,5.106343349663424
20171016,nist,G31,73.176631628414,5.126513810548916
20171017,nist,G31,73.32903910159024,4.997460266734028
20171017,nist,G31,-173.87961847775208,5.065111888152974
20171017,nist,G31,-174.63065678910914,8.730022056239351
20171018,nist,G31,73.34264236724944,5.01763840820669
20171019,nist,G31,73.35624473344787,5.037819575031386
20171019,nist,G31,-173.83298841182923,5.057976021188528
20171019,nist,G31,-174.80638261997854,9.972741799510812
20171019,nist,G31,-174.87891816412724,10.392209375075511
20171019,nist,G31,-174.91472042308442,10.602503439049535
20171020,nist,G31,69.26115288409163,9.615379418245656
20171020,nist,G31,73.36984620288538,5.05800376680738
20171021,nist,G31,73.38344677826281,5.078190983134145
20171021,nist,G31,-174.86373125740482,10.596022898940426
20171022,nist,G31,72.42660316302184,6.14664900775852
20171022,nist,G31,73.3970464622791,5.098381223614183
20171022,nist,G31,-174.73066626881993,9.962902620645028
20171022,nist,G31,-174.8382400062535,10.59276891476487
20171023,nist,G31,72.43994593531234,6.166829467096536
20171023,nist,G31,73.54982275025294,4.969532134077057
20171024,nist,G31,73.56345615799562,4.98972990566857
20171024,nist,G31,-173.7164516770501,5.039994382254862
20171024,nist,G31,-173.76062635326295,5.24038562898654
20171024,nist,G31,-173.80443623725745,5.441170418973718
20171024,nist,G31,-173.84788339512377,5.642347896667286
20171024,nist,G31,-173.89096989788447,5.843917209495762
20171024,nist,G31,-173.93369782159843,6.045877507783869
20171024,nist,G31,-174.68019980675248,9.956298072683536
20171024,nist,G31,-174.7162008179852,10.165903199209785
20171024,nist,G31,-174.75188820772215,10.37588195475751
20171024,nist,G31,-174.78726419301677,10.586233527127407
20171024,nist,G31,-174.82233099907415,10.796957104576135
20171024,nist,G31,-174.85709085944558,11.008051875712198
20171025,nist,G31,72.60498686069771,6.0569148499611485
20171025,nist,G31,73.57708869685716,5.009930692642669
20171025,nist,G31,-174.43275447661634,8.703172118760095
20171026,nist,G31,72.61836411259915,6.077106586493027
20171026,nist,G31,73.59072036956289,5.03013449459841
20171026,nist,G31,-173.92853937642792,6.241141053938671
20171026,nist,G31,-173.9703991882564,6.4439071817686475
20171026,nist,G31,-174.01190606814853,6.647061568030063
20171026,nist,G31,-174.05306210821357,6.850603374635914
20171026,nist,G31,-174.09386940601257,7.054531765887202
20171026,nist,G31,-174.13433006467432,7.258845908385708
20171026,nist,G31,-174.17444619300625,7.4635449709245245
20171026,nist,G31,-174.21421990561464,7.668628124387561
20171027,nist,G31,68.11029677358,78.99021526359888
20171027,nist,G31,65.61180515290158,78.42653101042963
20171027,nist,G31,52.84728056405695,73.11972492363323
20171027,nist,G31,47.747767296901976,67.38701767389014
20171027,nist,G31,45.908495603574984,61.615030657598474
20171027,nist,G31,45.725832247418204,55.93953477983148
20171028,nist,G31,73.61798112741597,5.070551141844697
20171029,nist,G31,73.49221951937645,5.239797549698033
20171029,nist,G31,-173.55581133254827,4.821744058387985
20171029,nist,G31,-173.59997023399242,5.021810099648389
20171029,nist,G31,-173.64376083463128,5.222270038090284
20171029,nist,G31,-173.6871851844827,5.423123017537024
20171030,nist,G31,73.50581216985377,5.260011969025692
20171031,nist,G31,72.4081996493998,6.478837582004047
20171031,nist,G31,73.38006409289234,5.4294345302142295
20171102,nist,G31,73.26788427259594,5.619252814811745
20171103,nist,G31,72.30964915467422,6.690094457942524
20171103,nist,G31,73.2814013654467,5.639476238525047
20171104,nist,G31,73.15567942501367,5.809252965016088
20171105,nist,G31,73.16915825520493,5.829480803723949
20171105,nist,G31,-173.3050012493362,4.3967107818211835
20171105,nist,G31,-173.69102397201988,6.205207729749135
20171106,nist,G31,73.04344890986366,5.999435541738299
20171107,nist,G31,68.27106323200148,11.379005502296055
20171107,nist,G31,71.39626581939676,7.830484797064845
20171107,nist,G31,71.67170291643134,7.526831360081806
20171107,nist,G31,72.08587923011628,7.072756460181243
20171107,nist,G31,73.05688915271138,6.019667736775832
20171108,nist,G31,68.28303577581852,11.399129238409268
20171108,nist,G31,71.40924170064936,7.850692845402446
20171108,nist,G31,71.82272230272328,7.395502652369614
20171108,nist,G31,72.23741810504843,6.941992093283557
20171108,nist,G31,72.37591459462925,6.7911905429120285
20171108,nist,G31,72.93119207995242,6.189801105218752
20171109,nist,G31,71.42221648522812,7.870904014789092
20171109,nist,G31,71.83581678136954,7.415721728307231
20171109,nist,G31,71.97395459769264,7.264368704744769
20171109,nist,G31,72.25062974583636,6.96221833099326
20171109,nist,G31,72.94459340914707,6.210037597524823
20171110,nist,G31,72.81890828105405,6.380350215027321
20171111,nist,G31,72.83227036863998,6.400590945126629
20171112,nist,G31,70.0903813417208,9.461203418108434
20171112,nist,G31,72.01334988385628,7.325051930158483
20171112,nist,G31,72.70659685179345,6.5710834300015195
20171113,nist,G31,70.10293355093918,9.481395653720606
20171113,nist,G31,71.61199565678453,7.799875091748364
20171113,nist,G31,72.5809735599768,6.741755353700282
20171114,nist,G31,72.59425712352036,6.762001308252544
20171115,nist,G31,72.4686450812327,6.932854401383222
20171116,nist,G31,72.48188842020195,6.953104407101855
20171116,nist,G31,-173.4300185339439,6.164722322544232
20171117,nist,G31,70.97513895318544,8.64218038030559
20171117,nist,G31,71.52597556376261,8.032705685536992
20171117,nist,G31,72.07898832981549,7.426252571192537
20171117,nist,G31,72.35628727843986,7.12413928720212
20171118,nist,G31,72.36949005828227,7.14439328306301
20171119,nist,G31,71.41390716471189,8.225264718048301
20171119,nist,G31,71.96670456181167,7.618083139044843
20171119,nist,G31,72.24389946217994,7.3156105672904035
20171120,nist,G31,72.25706134656868,7.335868491826735
20171121,nist,G31,72.1314809352869,7.50726879687982
20171121,nist,G31,-172.62369195579373,2.9495889965742093
20171121,nist,G31,-172.66955466838567,3.1463996251133897
20171121,nist,G31,-172.715024618919,3.343609539127396
20171122,nist,G31,72.14460158610383,7.527530588197674
20171123,nist,G31,72.15772124161447,7.54779547275973
20171125,nist,G31,72.04518814003706,7.739648820310328
20171126,nist,G31,71.9195860834777,7.911417658459934
20171126,nist,G31,-173.53492002552417,7.9692526424732595
20171126,nist,G31,-173.57115513460246,8.175846053701965
20171126,nist,G31,-173.60704615142308,8.382817293478007
20171126,nist,G31,-173.64259513221575,8.590165557982006
20171126,nist,G31,-173.67780413844682,8.797890044998605
20171127,nist,G31,71.93262222593141,7.93169009942714
20171128,nist,G31,71.80702890339727,8.103643737322678
20171129,nist,G31,71.82002277438025,8.123919861669247
20171130,nist,G31,71.69443779845207,8.296058913678106
20171201,nist,G31,71.70738905214355,8.31633865755765
20171202,nist,G31,71.58181202888552,8.488663737500378
20171203,nist,G31,71.59472031752262,8.508947036597753
20171203,nist,G31,-172.30865655761937,2.7047339775897057
20171203,nist,G31,-172.35402903725267,2.9013101569570923
20171203,nist,G31,-172.39900358947628,3.0982851748660503
20171203,nist,G31,-172.44358215566157,3.295658154094171
20171203,nist,G31,-172.487766680004,3.4934282215676076
20171204,nist,G31,71.46915084636251,8.681458757663375
20171205,nist,G31,71.48201582021905,8.701745547216394
20171205,nist,G31,-173.9907371505863,12.354195331501375
20171206,nist,G31,71.35645349383677,8.874444521981122
20171207,nist,G31,70.54131860957122,9.81320023429077
20171207,nist,G31,70.9546788792571,9.353098370249588
20171207,nist,G31,71.36927480120023,8.894734736719405
20171208,nist,G31,70.41633314252884,9.987229721843415
20171208,nist,G31,70.96737271278865,9.373382763267937
20171208,nist,G31,71.24371920541162,9.067621577079901
20171209,nist,G31,71.25649649254296,9.087915151266458
20171210,nist,G31,71.26927268354295,9.108211856445738
20171211,nist,G31,71.14368011730521,9.281287335833635
20171212,nist,G31,71.15641191819137,9.301587338371315
20171212,nist,G31,-172.1963125214386,3.061469526962612
20171212,nist,G31,-172.24022262870832,3.258961584449106
20171212,nist,G31,-172.28373626636844,3.4568497253411574
20171212,nist,G31,-172.4538647510123,4.252345874657838
20171212,nist,G31,-172.49542503634572,4.452201530171211
20171212,nist,G31,-172.53660046915257,4.652448134686015
20171212,nist,G31,-172.57739299526588,4.853084845313784
20171212,nist,G31,-172.61780456341,5.054110822596563
20171212,nist,G31,-172.65783712529975,5.255525230421917
20171213,nist,G31,71.03082488935257,9.474851834187856
20171213,nist,G31,-173.78145787618357,12.325286069926623
20171214,nist,G31,71.04351194198442,9.495155067202713
20171215,nist,G31,70.91793001323796,9.668609188847979
20171216,nist,G31,70.93057195736449,9.688915584939494
20171217,nist,G31,70.80499468402948,9.862559940994041
20171217,nist,G31,-172.42106883564315,4.632229279714049
20171217,nist,G31,-172.54115407191802,5.235486258067254
20171217,nist,G31,-172.58042288925404,5.437347134881122
20171217,nist,G31,-172.6193151507614,5.639594238399578
20171217,nist,G31,-172.77115767225226,6.452428472706178
20171217,nist,G31,-172.952723186467,7.477063258204191
20171217,nist,G31,-172.98795763769584,7.683127737132246
20171217,nist,G31,-173.0228371585043,7.889569520089901
20171217,nist,G31,-173.09153936436118,8.3035818109523
20171218,nist,G31,70.81759115724343,9.882869432287984
20171218,nist,G31,-171.88341518126583,2.2502708031013823
20171218,nist,G31,-171.92849117119619,2.4462503764546133
20171218,nist,G31,-171.97316142811587,2.642628849528347
20171218,nist,G31,-172.0174278607873,2.839405342505201
20171219,nist,G31,70.8301864784568,9.903182070003261
20171219,nist,G31,110.96250788876637,83.56208412996479
20171220,nist,G31,70.70456872488433,10.077017148594924
20171221,nist,G31,70.71711819536935,10.097332816673148
20171222,nist,G31,70.59150383371205,10.271359271857618
20171223,nist,G31,70.604007086402,10.291677901205166
20171224,nist,G31,70.4783956471657,10.465896338622226
20171225,nist,G31,70.49085231274114,10.486217859616957
20171231,nist,G31,67.56813586734633,14.06503512049367
20171231,nist,G31,68.2457813717659,13.275138778747625
